Frag Type,Observed Mass,Theoretical Mass,Start AA,End AA,Error,Fixed Mod,Unlocalized Mod,Sequence,Intensity,Formula,Charge,mz,PCC,adjust_PCC,dx,dy,peak num,missing peak num
c,420.1870670248368,420.1869659058801,1,3,0.2406522926969233,Ac,0,SHH,15965.73,H24C17O5N8,1.0,421.19107646677,0.9995,0.9995,0.0007,0.0438,4.0,2.0
y,447.2482574301255,447.24816918011,256,259,0.197317779201141,0,0,GFPK,7545.59,H33C22O5N5,1.0,448.25205646677,0.9993,0.9993,0.0004,0.0464,4.0,2.0
az+2,475.24318509537784,475.24308379967,48,51,0.21314504366950968,0,0,LVYG,2916.97,H33C23O6N5,1.0,476.24676646677,0.9936,0.9936,0.0003,0.1295,4.0,2.0
ax,475.24318509537784,475.24308379967,226,229,0.21314504366950968,0,0,TLNF,2916.97,H33C23O6N5,1.0,476.24676646677,0.9936,0.9936,0.0003,0.1295,4.0,2.0
a,561.244853772759,561.2448151351699,1,4,0.06884266557478465,Ac,0,SHHW,19832.8,H31C27O5N9,1.0,562.24776646677,0.9984,0.9984,0.0006,0.0598,4.0,1.0
z+1,587.3306765944014,587.33055613477,255,259,0.20509682363873227,0,0,RGFPK,8023.84,H43C28N8O6,1.0,588.33338646677,0.9972,0.9972,0.0004,0.0992,4.0,2.0
y,603.3493911425905,603.3492802037099,255,259,0.18387173780194907,0,0,RGFPK,8700.41,H45C28N9O6,1.0,604.35197646677,0.9983,0.9983,0.0004,0.082,4.0,2.0
ax,631.3444588089314,631.34419482327,224,228,0.4181327137480812,0,0,FRTLN,8122.16,H45C29O7N9,1.0,632.34682646677,0.9973,0.9973,0.0006,0.0778,5.0,3.0
ax,631.3444588089314,631.34419482327,225,229,0.4181327137480812,0,0,RTLNF,8122.16,H45C29N9O7,1.0,632.34682646677,0.9973,0.9973,0.0006,0.0778,5.0,3.0
b,646.2613747904521,646.2611934752999,1,5,0.2805601729156571,Ac,0,SHHWG,2616.95,H34C30O7N10,1.0,647.26362646677,0.9858,0.9858,0.0004,0.1586,5.0,3.0
c,663.288017175449,663.2877425763099,1,5,0.4139970052733876,Ac,0,SHHWG,16158.03,H37C30O7N11,1.0,664.29013646677,0.9988,0.9988,0.0014,0.0481,5.0,2.0
z+1,686.3993568699867,686.39897004776,254,259,0.5635530406761604,0,0,VRGFPK,4313.01,H52C33O7N9,1.0,687.40129646677,0.9913,0.9913,0.0008,0.1291,5.0,3.0
y,702.4180314178648,702.4176941167,254,259,0.48020026775532204,0,0,VRGFPK,10360.55,H54C33O7N10,1.0,703.41984646677,0.9981,0.9981,0.001,0.0676,5.0,2.0
a,781.3299249710567,781.3296073882899,1,6,0.4064645237993141,Ac,0,SHHWGY,20264.43,H43C38O8N11,1.0,782.33112646677,0.9913,0.9913,0.001,0.1374,5.0,2.0
c,826.3515050213838,826.35107110886,1,6,0.5250946468009889,Ac,0,SHHWGY,9968.8,H46C39O9N12,1.0,827.3523564667701,0.9974,0.9974,0.001,0.0789,5.0,2.0
a+1,839.3590061568841,839.3588961409299,1,7,0.13107141021300397,Ac,0,SHHWGYG,4582.93,H47C40O9N12,1.0,840.35975646677,0.2244,0.525,0.0053,0.535,5.0,2.0
c,883.3729483726581,883.3725348294299,1,7,0.4681413694680661,Ac,0,SHHWGYG,19442.24,H49C41O10N13,1.0,884.37335646677,0.998,0.998,0.0011,0.06,5.0,1.0
a+1,967.4539421164699,967.4538591549299,1,8,0.08575245134735222,Ac,0,SHHWGYGK,9766.46,H59C46O10N14,1.0,968.45369646677,0.9992,0.9992,0.0025,0.0416,5.0,2.0
z+1,970.5586462560648,970.5586585766398,252,259,-0.0126943126160696,0,0,RQVRGFPK,3244.17,H72C44N15O10,2.0,486.28282646677,0.9831,0.9831,0.0004,0.1901,5.0,3.0
y,986.5772908037095,986.5773826455797,252,259,-0.09309140049181361,0,0,RQVRGFPK,3879.24,H74C44N16O10,2.0,494.29208646677,0.9963,0.9963,0.0006,0.0879,5.0,2.0
b,994.4415219494242,994.4409487424199,1,8,0.5764113043083836,Ac,0,SHHWGYGK,5797.72,H58C47O11N14,1.0,995.44106646677,0.9961,0.9961,0.0008,0.1018,5.0,2.0
c,1011.4680943338768,1011.4674978434299,1,8,0.5897277452766105,Ac,0,SHHWGYGK,11535.37,H61C47O11N15,1.0,1012.46750646677,0.997,0.997,0.0009,0.0752,5.0,2.0
cy,1038.5912452209188,1038.5862159937801,111,119,4.842378091748899,0,0,KKYAAELHL,1990.97,H78C50N12O12,1.0,1039.5904464667701,0.9707,0.9707,0.0046,0.2144,5.0,3.0
ay,1085.6089607915337,1085.60807363717,162,171,0.8171958050286001,0,0,LDSIKTKGKS,2102.55,H83C47O16N13,1.0,1086.60779646677,0.8365,0.8365,0.0061,0.3149,6.0,3.0
y,1100.6203275074247,1100.6203100867199,251,259,0.015828078627968242,0,0,NRQVRGFPK,6365.48,H80C48O12N18,2.0,551.31316146677,0.991,0.991,0.0006,0.1393,5.0,2.0
a,1103.5046499335147,1103.5049459813101,1,9,-0.26827953653594305,Ac,0,SHHWGYGKH,27248.7,H65C52O11N17,1.0,1104.50334646677,0.9985,0.9985,0.0067,0.0326,6.0,1.0
ax,1128.6151051715108,1128.6192474575598,117,125,-3.6702245317692195,0,0,LHLVHWNTK,2129.63,H80C54O11N16,2.0,565.31044146677,0.9754,0.9754,0.0019,0.2117,6.0,4.0
ax,1128.6153551734544,1128.6192474575598,117,125,-3.4487132079066427,0,0,LHLVHWNTK,4883.12,H80C54O11N16,1.0,1129.61385646677,0.6246,0.8282,0.0035,0.265,6.0,1.0
c,1148.5268399885847,1148.52640970188,1,9,0.374642412206459,Ac,0,SHHWGYGKH,12831.28,H68C53O12N18,1.0,1149.52518646677,0.9684,0.9684,0.0033,0.1075,6.0,1.0
cx,1160.6186740046198,1160.6187726740397,166,176,-0.08501449591878887,0,0,KTKGKSTDFPN,3320.95,H84C52N14O16,1.0,1161.61692646677,0.7677,0.7677,0.0038,0.3811,6.0,3.0
z+1,1212.6965889191324,1212.6965490317798,250,259,0.032891453880674756,0,0,KNRQVRGFPK,3102.54,H90C54N19O13,2.0,607.35085646677,0.9751,0.9751,0.001,0.2302,6.0,3.0
a,1217.5480966404177,1217.54787342245,1,10,0.18333403766637876,Ac,0,SHHWGYGKHN,12549.22,H71C56O13N19,1.0,1218.54590646677,0.9836,0.9836,0.0066,0.097,6.0,1.0
y,1228.7146034618788,1228.7152731007197,250,259,-0.5449910614591221,0,0,KNRQVRGFPK,4317.54,H92C54N20O13,2.0,615.35980146677,0.9804,0.9804,0.0003,0.1501,6.0,3.0
c,1262.5697766915223,1262.56933714302,1,10,0.3481381096219886,Ac,0,SHHWGYGKHN,17009.02,H74C57O14N20,1.0,1263.56723646677,0.9988,0.9988,0.0006,0.0475,6.0,2.0
ay,1282.7264934133714,1282.7285231230198,137,149,-1.5823376590446416,0,0,DGLAVVGVFLKVG,4892.4,H98C61O16N14,2.0,642.36553646677,0.9895,0.9895,0.001,0.1173,6.0,3.0
bz+2,1296.7782326679983,1296.7805586958798,201,211,-1.7936942884522427,0,0,LLESVTWIVLK,3808.03,H104C63O15N14,2.0,649.3913514667701,0.983,0.983,0.0013,0.1865,6.0,3.0
bz+2,1296.7784326695532,1296.7805586958798,201,211,-1.63946499065995,0,0,LLESVTWIVLK,2755.82,H104C63O15N14,1.0,1297.77562646677,0.9881,0.9881,0.0024,0.1577,6.0,3.0
z+1,1325.7809181687364,1325.78061300891,249,259,0.23017369800469642,0,0,LKNRQVRGFPK,4191.46,H101C60O14N20,2.0,663.89258146677,0.9798,0.9798,0.0012,0.1829,6.0,3.0
y,1341.7989427115608,1341.79933707785,249,259,-0.2939085437228313,0,0,LKNRQVRGFPK,3419.86,H103C60O14N21,1.0,1342.79578646677,0.9911,0.9911,0.0003,0.1415,6.0,3.0
y,1341.7990727125714,1341.79933707785,249,259,-0.19702296107061687,0,0,LKNRQVRGFPK,3506.56,H103C60O14N21,2.0,671.90159646677,0.9791,0.9791,0.0005,0.1674,6.0,3.0
x,1367.7792247126054,1367.77860163327,249,259,0.45554107558869017,0,0,LKNRQVRGFPK,9845.4,H101C61O15N21,2.0,684.89157146677,0.7294,0.8571,0.0036,0.2271,6.0,0.0
a+1,1372.628012412742,1372.62992602394,1,12,-1.3941202663045118,Ac,0,SHHWGYGKHNGP,13169.24,H82C63O15N21,1.0,1373.62461646677,0.9146,0.9146,0.004,0.2651,6.0,2.0
c,1416.6438546432892,1416.64356471244,1,12,0.20466040750880649,Ac,0,SHHWGYGKHNGP,5078.27,H84C64O16N22,1.0,1417.64011646677,0.9937,0.9937,0.0003,0.1228,6.0,3.0
y-2,1436.836551644891,1436.83645086256,248,259,0.07014182503927768,0,0,PLKNRQVRGFPK,29823.45,H108C65O15N22,1.0,1437.83265646677,0.9801,0.9801,0.0079,0.1268,6.0,0.0
y-2,1436.8371416494786,1436.83645086256,248,259,0.4807693444337737,0,0,PLKNRQVRGFPK,67056.13,H108C65O15N22,2.0,719.4202614667701,0.983,0.983,0.004,0.0898,6.0,1.0
bz+2,1466.846244975284,1466.84970088486,204,216,-2.356007963220541,0,0,SVTWIVLKEPISV,2681.49,H114C70O18N16,2.0,734.42469646677,0.8646,0.8667,0.0014,0.4229,6.0,3.0
bz+2,1466.846244975284,1466.84970088486,205,217,-2.356007963220541,0,0,VTWIVLKEPISVS,2681.49,H114C70O18N16,2.0,734.42469646677,0.8646,0.8667,0.0014,0.4229,6.0,3.0
a,1500.6651779231531,1500.6646940798398,1,13,0.32241933538738327,Ac,0,SHHWGYGKHNGPE,9612.98,H88C68O18N22,1.0,1501.66078646677,0.966,0.966,0.0062,0.1697,6.0,1.0
bz+2,1521.88948294568,1521.8919000500102,37,50,-1.5882234015797139,0,0,VVQDPALKPLALVY,3503.18,H119C73O18N17,1.0,1522.88492646677,0.9771,0.9771,0.0028,0.2262,6.0,3.0
bz+2,1521.8899929496454,1521.8919000500102,37,50,-1.2531115809196811,0,0,VVQDPALKPLALVY,3754.74,H119C73O18N17,2.0,761.94635646677,0.9857,0.9857,0.0009,0.1913,6.0,3.0
c,1545.6862979699033,1545.6861578004098,1,13,0.09068431701126967,Ac,0,SHHWGYGKHNGPE,5888.76,H91C69O19N23,1.0,1546.68155646677,0.9887,0.9887,0.0004,0.1425,6.0,3.0
z+1,1550.8919384446301,1550.89195436304,247,259,-0.01026403536832238,0,0,QPLKNRQVRGFPK,12824.09,H116C70O17N23,2.0,776.44721646677,0.999,0.999,0.0012,0.0347,6.0,2.0
y,1566.9100629882319,1566.91067843198,247,259,-0.392775259334131,0,0,QPLKNRQVRGFPK,3438.15,H118C70O17N24,1.0,1567.90515646677,0.9924,0.9924,0.0009,0.1283,6.0,3.0
y,1566.911112996396,1566.91067843198,247,259,0.2773383461251355,0,0,QPLKNRQVRGFPK,9651.91,H118C70O17N24,2.0,784.45674146677,0.9306,0.9306,0.0024,0.1682,6.0,1.0
x,1592.8906249914537,1592.8899429874,247,259,0.42815516333534004,0,0,QPLKNRQVRGFPK,5633.61,H116C71O18N24,2.0,797.44639646677,0.6302,0.651,0.0043,0.4099,6.0,1.0
z+1,1621.9291907711674,1621.92906814775,246,259,0.0756034402434256,0,0,AQPLKNRQVRGFPK,6337.26,H121C73O18N24,2.0,811.96556646677,0.9986,0.9986,0.0006,0.0705,6.0,2.0
a,1637.723153571874,1637.7236059382897,1,14,-0.2762165813506373,Ac,0,SHHWGYGKHNGPEH,10893.05,H95C74O19N25,1.0,1638.7176964667701,0.9953,0.9953,0.0074,0.0596,6.0,1.0
a,1637.7243235809708,1637.7236059382897,1,14,0.4381952354696824,Ac,0,SHHWGYGKHNGPEH,8756.63,H95C74O19N25,2.0,819.86307146677,0.994,0.994,0.002,0.0704,6.0,1.0
x,1663.9267373091272,1663.92705677211,246,259,-0.19199338187069018,0,0,AQPLKNRQVRGFPK,4157.98,H121C74O19N25,1.0,1664.92107646677,0.9793,0.9793,0.0056,0.1086,6.0,2.0
x,1663.9280073190016,1663.92705677211,246,259,0.5712671644326363,0,0,AQPLKNRQVRGFPK,21978.24,H121C74O19N25,2.0,832.96481146677,0.995,0.995,0.0034,0.0586,6.0,1.0
c,1682.7451236252334,1682.7450696588596,1,14,0.03207043940952743,Ac,0,SHHWGYGKHNGPEH,12954.21,H98C75O20N26,2.0,842.3732964667701,0.9958,0.9958,0.0007,0.1121,6.0,2.0
c,1682.7452336260885,1682.7450696588596,1,14,0.09744032643843076,Ac,0,SHHWGYGKHNGPEH,6971.72,H98C75O20N26,1.0,1683.73942646677,0.9908,0.9908,0.0002,0.1608,6.0,3.0
y-2,1732.9850342489547,1732.9849060013998,245,259,0.07400384987094018,0,0,PAQPLKNRQVRGFPK,13000.13,H128C78O19N26,1.0,1733.97883646677,0.9316,0.9316,0.0075,0.1995,7.0,1.0
y-2,1732.9857542545528,1732.9849060013998,245,259,0.48947521126307775,0,0,PAQPLKNRQVRGFPK,70631.01,H128C78O19N26,2.0,867.49341646677,0.9829,0.9829,0.0041,0.1077,7.0,0.0
cy,1788.009822075898,1788.0073237250697,198,213,1.3972822119730102,0,0,TPPLLESVTWIVLKEP,2449.88,H137C87O23N17,2.0,895.00523646677,0.5316,0.854,0.0008,0.4124,7.0,3.0
a,1823.8040103817082,1823.8029188881499,1,15,0.598471220218995,Ac,0,SHHWGYGKHNGPEHW,9199.78,H105C85O20N27,1.0,1824.79710646677,0.9949,0.9949,0.002,0.078,7.0,3.0
a,1823.8045403858291,1823.8029188881499,1,15,0.8890750543600887,Ac,0,SHHWGYGKHNGPEHW,17279.8,H105C85O20N27,2.0,912.90245646677,0.9983,0.9983,0.002,0.0434,7.0,2.0
z+1,1875.0841090930662,1875.0829430201998,244,259,0.6218780192067473,0,0,RPAQPLKNRQVRGFPK,8683.31,H140C84N29O20,3.0,626.0304531334367,0.991,0.991,0.0006,0.0784,7.0,2.0
z+1,1875.0858291064396,1875.0829430201998,244,259,1.5391779070957368,0,0,RPAQPLKNRQVRGFPK,9106.0,H140C84N29O20,2.0,938.54290146677,0.9452,0.9452,0.0017,0.1897,7.0,2.0
y,1891.1017336327802,1891.1016670891397,244,259,0.03518776471532036,0,0,RPAQPLKNRQVRGFPK,3295.32,H142C84N30O20,3.0,631.3696198001034,0.9842,0.9842,0.0004,0.1841,7.0,4.0
y,1891.1025336390005,1891.1016670891397,244,259,0.4582248939245597,0,0,RPAQPLKNRQVRGFPK,4069.76,H142C84N30O20,2.0,946.55119146677,0.985,0.985,0.0004,0.1862,7.0,4.0
a,1960.8632960406148,1960.8618307465997,1,16,0.7472704053684959,Ac,0,SHHWGYGKHNGPEHWH,9017.87,H112C91O21N30,1.0,1961.85532646677,0.9489,0.9489,0.0031,0.1984,7.0,0.0
a,1960.863936045591,1960.8618307465997,1,16,1.0736600397696998,Ac,0,SHHWGYGKHNGPEHWH,25232.45,H112C91O21N30,2.0,981.43162146677,0.9885,0.9885,0.0025,0.0893,7.0,1.0
c,2005.8845960887645,2005.8832944671697,1,16,0.6489019567781044,Ac,0,SHHWGYGKHNGPEHWH,11682.52,H115C92O22N31,2.0,1003.94177646677,0.9972,0.9972,0.0007,0.0746,7.0,3.0
ay,2060.15553805443,2060.1557788639093,193,211,-0.11688896621691902,0,0,PGSLTTPPLLESVTWIVLK,6854.02,H157C98O27N21,2.0,1031.07703646677,0.9782,0.9782,0.0011,0.1308,7.0,2.0
az+2,2060.156488061816,2060.1557788639097,196,213,0.34424479628826704,0,0,LTTPPLLESVTWIVLKEP,8477.02,H157C98O27N21,3.0,687.72076646677,0.9594,0.9594,0.0008,0.1383,7.0,2.0
az+2,2060.156488061816,2060.1557788639097,197,214,0.34424479628826704,0,0,TTPPLLESVTWIVLKEPI,8477.02,H157C98O27N21,3.0,687.72076646677,0.9594,0.9594,0.0008,0.1383,7.0,2.0
y,2077.1829404453365,2077.180980038999,243,259,0.9437821528861379,0,0,WRPAQPLKNRQVRGFPK,2403.34,H152C95N32O21,3.0,693.3962064667701,0.9692,0.9692,0.0005,0.2341,7.0,4.0
a+1,2089.96703984385,2089.964618792669,1,17,1.158417304903362,Ac,0,SHHWGYGKHNGPEHWHK,11018.19,H125C97O22N32,2.0,1045.98267146677,0.9988,0.9988,0.0019,0.0576,7.0,2.0
bx,2091.096188623171,2091.0960321416596,24,43,0.07483229328633119,0,0,GERQSPVDIDTKAVVQDPAL,3428.13,H150C90O31N26,1.0,2092.0872064667697,0.3018,0.7537,0.0044,0.3251,7.0,1.0
x+1,2104.1688102649946,2104.1680696264893,243,259,0.3519863816679583,0,0,WRPAQPLKNRQVRGFPK,5808.83,H151C96N32O22,3.0,702.39142646677,0.99,0.99,0.0007,0.0916,7.0,3.0
x+1,2104.1698602731585,2104.1680696264893,243,259,0.8509998298264472,0,0,WRPAQPLKNRQVRGFPK,4640.35,H151C96N32O22,2.0,1053.08402646677,0.9878,0.9878,0.0012,0.1349,7.0,3.0
az+2,2131.192300377157,2131.19289264862,199,217,-0.2779060800680843,0,0,PPLLESVTWIVLKEPISVS,2149.19,H162C101O28N22,3.0,711.39918646677,0.9758,0.9758,0.0002,0.2072,7.0,3.0
c,2133.9780820370765,2133.9782574811693,1,17,-0.08221456433869266,Ac,0,SHHWGYGKHNGPEHWHK,5391.88,H127C98O23N33,2.0,1067.98802146677,0.9875,0.9875,0.0002,0.1466,7.0,3.0
y,2191.224007133734,2191.2239074801396,242,259,0.04547850826588687,0,0,NWRPAQPLKNRQVRGFPK,7632.95,H158C99O23N34,3.0,731.4095998001034,0.9184,0.9184,0.0028,0.2605,7.0,2.0
y,2191.224347136377,2191.2239074801396,242,259,0.2006441405328679,0,0,NWRPAQPLKNRQVRGFPK,7700.52,H158C99O23N34,2.0,1096.61093146677,0.9946,0.9946,0.0004,0.0936,7.0,3.0
a,2203.9860763609604,2203.9837367844293,1,18,1.0615216854996326,Ac,0,SHHWGYGKHNGPEHWHKD,16778.7,H129C101O25N33,2.0,1102.99174646677,-0.0275,0.7436,0.0059,0.3345,7.0,1.0
x+1,2218.213926984882,2218.2109970676297,242,259,1.3208469601548491,0,0,NWRPAQPLKNRQVRGFPK,4755.98,H157C100O24N34,2.0,1110.10561646677,0.9559,0.9559,0.0025,0.1815,7.0,2.0
cy,2219.218644796732,2219.21614727434,148,169,1.1254074529625069,0,0,VGDANPALQKVLDALDSIKTKG,5892.39,H166C98O32N26,3.0,740.7410731334368,0.9891,0.9891,0.0009,0.1499,7.0,3.0
b,2231.9790040106623,2231.9786514039893,1,18,0.15797941113049097,Ac,0,SHHWGYGKHNGPEHWHKD,10111.71,H129C102O26N33,2.0,1116.98810146677,0.9957,0.9957,0.0004,0.0769,7.0,2.0
b,2231.9794140138497,2231.9786514039893,1,18,0.3416743524633727,Ac,0,SHHWGYGKHNGPEHWHKD,7567.8,H129C102O26N33,1.0,2232.9693364667696,0.957,0.957,0.0067,0.1413,7.0,1.0
z+1,2246.243034915892,2246.2422971959095,241,259,0.32842404561676375,0,0,ANWRPAQPLKNRQVRGFPK,8711.14,H161C102O24N34,3.0,749.7491331334367,0.989,0.989,0.0004,0.1134,7.0,3.0
c,2249.005396393715,2249.0052005049993,1,18,0.08710016122170039,Ac,0,SHHWGYGKHNGPEHWHKD,15982.22,H132C102O26N34,2.0,1125.50123146677,0.9992,0.9992,0.0003,0.0418,7.0,2.0
c,2249.00737640911,2249.0052005049993,1,18,0.9674962557151321,Ac,0,SHHWGYGKHNGPEHWHKD,5523.13,H132C102O26N34,1.0,2249.9971664667696,0.9594,0.9594,0.0018,0.2012,7.0,3.0
y,2262.260059450941,2262.2610212648497,241,259,-0.4251560274323929,0,0,ANWRPAQPLKNRQVRGFPK,6461.52,H163C102O24N35,2.0,1132.12851146677,0.9942,0.9942,0.0005,0.1021,7.0,3.0
y,2262.2607794565392,2262.2610212648497,241,259,-0.10688789142692008,0,0,ANWRPAQPLKNRQVRGFPK,6936.19,H163C102O24N35,3.0,755.0883398001034,0.9762,0.9762,0.0005,0.168,7.0,2.0
x+1,2289.249269296569,2289.24811085234,241,259,0.5060369924890028,0,0,ANWRPAQPLKNRQVRGFPK,7526.67,H162C103O25N35,3.0,764.0844331334367,0.9567,0.9567,0.0015,0.1467,7.0,2.0
x+1,2289.249549298746,2289.24811085234,241,259,0.6283488449049823,0,0,ANWRPAQPLKNRQVRGFPK,4889.01,H162C103O25N35,2.0,1145.62315146677,0.914,0.914,0.0021,0.1745,7.0,2.0
a+1,2352.0577676431653,2352.059975729489,1,19,-0.9387882734485087,Ac,0,SHHWGYGKHNGPEHWHKDF,12289.09,H139C110O26N34,1.0,2353.0467564667697,0.9531,0.9531,0.004,0.1438,8.0,2.0
a+1,2352.0604876643138,2352.059975729489,1,19,0.21765381412647292,Ac,0,SHHWGYGKHNGPEHWHKDF,89338.87,H139C110O26N34,2.0,1177.02837646677,0.9863,0.9863,0.0015,0.0878,8.0,1.0
z+1,2359.3264641584983,2359.326361173039,240,259,0.04365036605443965,0,0,LANWRPAQPLKNRQVRGFPK,5025.76,H172C108O25N35,3.0,787.44331646677,0.9856,0.9856,0.0004,0.1821,7.0,3.0
y,2375.344568701945,2375.345085241979,240,259,-0.2174589442088989,0,0,LANWRPAQPLKNRQVRGFPK,7969.2,H174C108O25N36,3.0,792.7826431334367,0.9842,0.9842,0.0005,0.122,7.0,2.0
y,2375.345268707387,2375.345085241979,240,259,0.07723737017604738,0,0,LANWRPAQPLKNRQVRGFPK,5346.44,H174C108O25N36,2.0,1188.67067646677,0.9844,0.9844,0.0005,0.1316,7.0,3.0
cy,2381.247254596316,2381.252549866399,40,61,-2.2237330867411584,0,0,DPALKPLALVYGEATSRRMVNN,1865.75,H172C105O31N30S1,1.0,2382.23601646677,0.2929,0.7438,0.0084,0.3209,8.0,2.0
x+1,2402.3336185463286,2402.3321748294693,240,259,0.6009647102143099,0,0,LANWRPAQPLKNRQVRGFPK,7647.37,H173C109O26N36,3.0,801.7789231334367,0.932,0.932,0.0019,0.1734,8.0,2.0
x+1,2402.3340985500604,2402.3321748294693,240,259,0.8007721043950056,0,0,LANWRPAQPLKNRQVRGFPK,4642.56,H173C109O26N36,2.0,1202.16498646677,0.924,0.924,0.0037,0.1939,8.0,3.0
bz+2,2429.356338652504,2429.359021053959,236,255,-1.1041601640944505,0,0,ELLMLANWRPAQPLKNRQVR,6571.43,H180C108O26N36S1,3.0,810.78642646677,0.9702,0.9702,0.0006,0.1582,8.0,3.0
a+1,2449.111432251666,2449.112739578339,1,20,-0.5337960364530294,Ac,0,SHHWGYGKHNGPEHWHKDFP,12497.05,H146C115O27N35,2.0,1225.55347146677,0.9659,0.9659,0.0008,0.1548,8.0,3.0
z+1,2490.3662730149645,2490.366846086029,239,259,-0.23011511956051706,0,0,MLANWRPAQPLKNRQVRGFPK,5253.73,H181C113S1O26N36,3.0,831.1229131334368,-0.1785,0.8348,0.0021,0.2613,8.0,2.0
y,2506.3855175672743,2506.385570154969,239,259,-0.02098148645107146,0,0,MLANWRPAQPLKNRQVRGFPK,8333.64,H183C113S1O26N37,2.0,1254.19029146677,0.7281,0.8337,0.0038,0.2451,8.0,1.0
y,2506.3857075687515,2506.385570154969,239,259,0.05482547616644197,0,0,MLANWRPAQPLKNRQVRGFPK,10788.42,H183C113S1O26N37,3.0,836.4626831334366,0.9864,0.9864,0.0004,0.1324,8.0,3.0
x+1,2533.3725173957187,2533.3726597424593,239,259,-0.056188630631884125,0,0,MLANWRPAQPLKNRQVRGFPK,4003.33,H182C114S1O27N37,2.0,1267.68368646677,0.9845,0.9845,0.0025,0.0787,8.0,2.0
x+1,2533.373887406371,2533.3726597424593,239,259,0.48459665302537946,0,0,MLANWRPAQPLKNRQVRGFPK,8734.68,H182C114S1O27N37,3.0,845.4586731334367,0.9645,0.9645,0.0015,0.1549,8.0,2.0
a+1,2562.1944114907737,2562.196803555469,1,21,-0.9335991255997517,Ac,0,SHHWGYGKHNGPEHWHKDFPI,17713.75,H157C121O28N36,2.0,1282.09452146677,0.9777,0.9777,0.0016,0.1602,8.0,3.0
z+1,2603.4508822667453,2603.4509100631594,238,259,-0.010676757522235784,0,0,LMLANWRPAQPLKNRQVRGFPK,6305.33,H192C119O27N37S1,3.0,868.8174898001033,0.9737,0.9737,0.0001,0.1694,8.0,3.0
c,2606.210543723575,2606.2104422439693,1,21,0.03893760998776467,Ac,0,SHHWGYGKHNGPEHWHKDFPI,4461.01,H159C122O29N37,2.0,1304.10241646677,0.8317,0.8317,0.0049,0.3288,8.0,3.0
y-1,2618.4642889984975,2618.4618091000298,238,259,0.947082160654802,0,0,LMLANWRPAQPLKNRQVRGFPK,9844.59,H193C119O27N38S1,3.0,873.8219198001033,0.9362,0.9362,0.0015,0.1731,8.0,2.0
y,2619.46832680506,2619.4696341320996,238,259,-0.49908081495018186,0,0,LMLANWRPAQPLKNRQVRGFPK,5045.37,H194C119O27N38S1,2.0,1310.73125646677,0.9557,0.9557,0.0005,0.2565,8.0,4.0
a,2632.227546010127,2632.2260923081094,1,22,0.5522709548738994,Ac,0,SHHWGYGKHNGPEHWHKDFPIA,11250.87,H161C124O29N37,2.0,1317.11081646677,0.9579,0.9579,0.0021,0.1344,8.0,1.0
x+1,2646.4557666369255,2646.4567237195897,238,259,-0.36164682218074246,0,0,LMLANWRPAQPLKNRQVRGFPK,9552.27,H193C120O28N38S1,3.0,883.1523398001034,0.9679,0.9679,0.002,0.1374,8.0,2.0
x+1,2646.457906653565,2646.4567237195897,238,259,0.4469878401884073,0,0,LMLANWRPAQPLKNRQVRGFPK,4714.71,H193C120O28N38S1,2.0,1324.22594146677,0.977,0.977,0.0019,0.1306,8.0,3.0
c,2677.2477560498014,2677.2475560286794,1,22,0.07471147806422992,Ac,0,SHHWGYGKHNGPEHWHKDFPIA,6991.22,H164C125O30N38,2.0,1339.62074646677,0.984,0.984,0.0004,0.1593,8.0,4.0
z+1,2716.5357415204703,2716.534974040289,237,259,0.28252173769179917,0,0,LLMLANWRPAQPLKNRQVRGFPK,5800.1,H203C125O28N38S1,3.0,906.5121498001033,0.9898,0.9898,0.0005,0.1154,8.0,3.0
y-1,2731.548068243825,2731.5458730771593,237,259,0.8036352921906061,0,0,LLMLANWRPAQPLKNRQVRGFPK,11270.13,H204C125O28N39S1,3.0,911.5162198001033,0.9706,0.9706,0.0015,0.1133,8.0,2.0
y,2732.552746055364,2732.553698109229,237,259,-0.34841176801297424,0,0,LLMLANWRPAQPLKNRQVRGFPK,9805.2,H205C125O28N39S1,2.0,1367.27302646677,0.6005,0.7148,0.0034,0.3282,8.0,1.0
x+1,2759.5407158913504,2759.5407876967192,237,259,-0.02602076736161088,0,0,LLMLANWRPAQPLKNRQVRGFPK,9066.68,H204C126O29N39S1,3.0,920.8470298001033,0.9786,0.9786,0.0017,0.1119,8.0,2.0
c,2791.2912627571714,2791.2904834698197,1,23,0.27918532888234593,Ac,0,SHHWGYGKHNGPEHWHKDFPIAN,4771.29,H170C129O32N40,2.0,1396.64205646677,0.9784,0.9784,0.0005,0.1937,8.0,4.0
a+1,2804.2979238861403,2804.2983085018896,1,24,-0.13715222380591988,Ac,0,SHHWGYGKHNGPEHWHKDFPIANG,6055.94,H171C130O32N40,2.0,1403.14533646677,0.9392,0.9392,0.0013,0.2059,8.0,2.0
ax,2840.4369848733936,2840.435810290829,14,38,0.4135219533176392,0,0,HWHKDFPIANGERQSPVDIDTKAVV,3191.48,H193C128N37O37,1.0,2841.42217646677,-0.3169,0.7151,0.0071,0.4409,8.0,0.0
z+1,2845.578614850428,2845.577567128259,236,259,0.3681931503496628,0,0,ELLMLANWRPAQPLKNRQVRGFPK,9298.38,H210C130O31N39S1,3.0,949.52610646677,0.9852,0.9852,0.0007,0.1436,8.0,2.0
y,2861.595199382056,2861.596291197199,236,259,-0.3815405921208908,0,0,ELLMLANWRPAQPLKNRQVRGFPK,7643.96,H212C130O31N40S1,3.0,954.86492646677,0.9621,0.9621,0.0008,0.194,8.0,3.0
y,2861.595709386021,2861.596291197199,236,259,-0.20331700173708692,0,0,ELLMLANWRPAQPLKNRQVRGFPK,7243.74,H212C130O31N40S1,2.0,1431.79400646677,0.9943,0.9943,0.0003,0.0902,8.0,3.0
x,2887.5748013778134,2887.575555752619,236,259,-0.2612485079861955,0,0,ELLMLANWRPAQPLKNRQVRGFPK,9683.12,H210C131O32N40S1,2.0,1444.78345146677,0.9351,0.9351,0.0029,0.1728,9.0,3.0
x,2887.577161396163,2887.575555752619,236,259,0.5560524782207361,0,0,ELLMLANWRPAQPLKNRQVRGFPK,37007.56,H210C131O32N40S1,3.0,963.5255131334367,0.9902,0.9902,0.002,0.0687,9.0,2.0
a,2932.332789378668,2932.3330765577894,1,25,-0.09793536876256853,Ac,0,SHHWGYGKHNGPEHWHKDFPIANGE,9320.18,H177C135O35N41,2.0,1467.16227146677,0.9565,0.9565,0.0015,0.1524,8.0,2.0
y-2,2956.635228334202,2956.6334049819093,235,259,0.6166988067438195,0,0,PELLMLANWRPAQPLKNRQVRGFPK,86701.86,H217C135O32N41S1,3.0,986.5446898001034,0.979,0.979,0.0021,0.1107,9.0,1.0
y-1,2957.639046139054,2957.6412300139796,235,259,-0.7383839877585291,0,0,PELLMLANWRPAQPLKNRQVRGFPK,44041.09,H218C135O32N41S1,2.0,1479.81530146677,0.9496,0.9496,0.0017,0.146,9.0,1.0
cx,2962.395483121148,2962.39896708193,55,80,-1.1760606254226063,0,0,SRRMVNNGHSFNVEYDDSQDKAVLKD,2276.15,H195C125O43N39S1,1.0,2963.3797264667696,0.4405,0.7079,0.0126,0.3467,9.0,2.0
cx,2972.6309827038717,2972.6333070378696,131,160,-0.781910769947054,0,0,TAAQQPDGLAVVGVFLKVGDANPALQKVLD,2692.41,H221C135O40N35,3.0,991.87656646677,0.9711,0.9711,0.0007,0.2059,8.0,3.0
c,2977.355269435993,2977.3545402783593,1,25,0.2449011777476441,Ac,0,SHHWGYGKHNGPEHWHKDFPIANGE,3554.94,H180C136O36N42,2.0,1489.67333646677,0.9297,0.9297,0.0005,0.294,8.0,4.0
bx,2986.641281636293,2986.63139886289,203,228,3.309003383198994,0,0,ESVTWIVLKEPISVSSQQMLKFRTLN,2428.35,H223C136O38N35S1,3.0,996.5466298001032,0.8759,0.9077,0.0041,0.3185,9.0,5.0
ax,3005.409587563016,3005.40498073836,55,80,1.532846550005294,0,0,SRRMVNNGHSFNVEYDDSQDKAVLKD,2850.96,H196C126O44N40S1,1.0,3006.3934964667696,0.0894,0.7792,0.0076,0.3343,9.0,0.0
ax,3013.6626117316614,3013.6674500184395,201,226,-1.6054481319887532,0,0,LLESVTWIVLKEPISVSSQQMLKFRT,2586.38,H228C139O38N34S1,2.0,1507.82686646677,0.8367,0.8576,0.0021,0.4406,9.0,6.0
ax,3013.6626117316614,3013.6674500184395,202,227,-1.6054481319887532,0,0,LESVTWIVLKEPISVSSQQMLKFRTL,2586.38,H228C139O38N34S1,2.0,1507.82686646677,0.8367,0.8576,0.0021,0.4406,9.0,6.0
ax,3013.6630317349272,3013.6674500184395,201,226,-1.4660819700580463,0,0,LLESVTWIVLKEPISVSSQQMLKFRT,16894.09,H228C139O38N34S1,3.0,1005.5538098001033,0.9912,0.9912,0.0027,0.0598,9.0,2.0
ax,3013.6630317349272,3013.6674500184395,202,227,-1.4660819700580463,0,0,LESVTWIVLKEPISVSSQQMLKFRTL,16894.09,H228C139O38N34S1,3.0,1005.5538098001033,0.9912,0.9912,0.0027,0.0598,9.0,2.0
bz+2,3042.6722072861266,3042.686605239889,133,162,-4.731987099052356,0,0,AQQPDGLAVVGVFLKVGDANPALQKVLDAL,4540.71,H227C138O40N37,3.0,1015.2234598001033,0.9483,0.9483,0.0049,0.2366,8.0,3.0
az+2,3056.6747261580567,3056.6732636748698,201,226,0.4784558442505425,0,0,LLESVTWIVLKEPISVSSQQMLKFRT,2509.95,H229C140O39N35S1,3.0,1019.8909298001033,0.9678,0.9678,0.0011,0.2029,9.0,4.0
az+2,3056.6747261580567,3056.6732636748698,202,227,0.4784558442505425,0,0,LESVTWIVLKEPISVSSQQMLKFRTL,2509.95,H229C140O39N35S1,3.0,1019.8909298001033,0.9678,0.9678,0.0011,0.2029,9.0,4.0
z+1,3071.675692793085,3071.6729240650793,234,259,0.9013746170969439,0,0,EPELLMLANWRPAQPLKNRQVRGFPK,8955.95,H224C140O35N41S1,3.0,1024.8912131334366,0.9774,0.9774,0.0015,0.138,9.0,4.0
y,3087.690997314761,3087.6916481340195,234,259,-0.21077857922568835,0,0,EPELLMLANWRPAQPLKNRQVRGFPK,6374.73,H226C140O35N42S1,2.0,1544.84077146677,0.9879,0.9879,0.0003,0.1672,9.0,4.0
y,3087.6923173250243,3087.6916481340195,234,259,0.2167285730173089,0,0,EPELLMLANWRPAQPLKNRQVRGFPK,10674.13,H226C140O35N42S1,3.0,1030.23004646677,0.9496,0.9496,0.0007,0.1933,9.0,3.0
x,3113.672879328246,3113.6709126894393,234,259,0.6316142141394099,0,0,EPELLMLANWRPAQPLKNRQVRGFPK,7307.55,H224C141O36N42S1,3.0,1038.89016646677,0.9417,0.9417,0.002,0.1893,9.0,3.0
cx,3125.6704826116215,3125.67271223836,182,209,-0.7133269998795305,0,0,LLPNVLDYWTYPGSLTTPPLLESVTWIV,5173.77,H228C153O40N30,2.0,1563.83036646677,0.6603,0.8269,0.0044,0.2791,9.0,0.0
cx,3125.6704826116215,3125.67271223836,183,210,-0.7133269998795305,0,0,LPNVLDYWTYPGSLTTPPLLESVTWIVL,5173.77,H228C153O40N30,2.0,1563.83036646677,0.6603,0.8269,0.0044,0.2791,9.0,0.0
y,3144.7134006734996,3144.7131118545894,233,259,0.09184268957081594,0,0,GEPELLMLANWRPAQPLKNRQVRGFPK,21437.74,H229C142O36N43S1,3.0,1049.23692646677,0.9797,0.9797,0.0004,0.0878,9.0,2.0
y,3144.7134406738105,3144.7131118545894,233,259,0.10456254970540468,0,0,GEPELLMLANWRPAQPLKNRQVRGFPK,12374.57,H229C142O36N43S1,2.0,1573.35177146677,0.9781,0.9781,0.0044,0.0989,9.0,2.0
x,3170.6946826823196,3170.6923764100093,233,259,0.7273718281424468,0,0,GEPELLMLANWRPAQPLKNRQVRGFPK,13697.76,H227C143O37N43S1,3.0,1057.89728646677,0.5726,0.8606,0.0035,0.2399,9.0,1.0
x+1,3171.697610480251,3171.7002014420796,233,259,-0.8168999791556073,0,0,GEPELLMLANWRPAQPLKNRQVRGFPK,7259.29,H228C143O37N43S1,2.0,1586.84375146677,0.1998,0.6777,0.0091,0.3622,9.0,1.0
cy,3198.7245506192385,3198.7288639746894,132,163,-1.3484592268768751,0,0,AAQQPDGLAVVGVFLKVGDANPALQKVLDALD,3695.75,H235C145O44N37,3.0,1067.2405031334367,0.9526,0.9526,0.0016,0.225,9.0,3.0
a,3216.4963087976353,3216.4927650866694,1,27,1.1017313654112102,Ac,0,SHHWGYGKHNGPEHWHKDFPIANGERQ,5015.27,H197C146O38N47,3.0,1073.1643764667701,0.6525,0.7123,0.0016,0.4407,9.0,2.0
a+1,3217.4993165961887,3217.500590118739,1,27,-0.3958111319085046,Ac,0,SHHWGYGKHNGPEHWHKDFPIANGERQ,4431.14,H198C146O38N47,2.0,1609.74442646677,0.6294,0.7597,0.0063,0.3372,9.0,2.0
cx,3238.6260008596983,3238.6197822320496,112,141,1.920147490843811,0,0,KYAAELHLVHWNTKYGDFGTAAQQPDGLAV,1866.59,H219C150N39O42,1.0,3239.60809646677,0.4172,0.6536,0.0064,0.5377,9.0,4.0
az+2,3256.7472917557707,3256.7455766679896,132,163,0.5266262717631638,0,0,AAQQPDGLAVVGVFLKVGDANPALQKVLDALD,6044.48,H237C146O45N39,3.0,1086.58126646677,-0.1736,0.8502,0.0043,0.248,9.0,1.0
ax,3258.7626374254205,3258.761226732129,21,51,0.43289249906339133,0,0,IANGERQSPVDIDTKAVVQDPALKPLALVYG,2285.72,H239C146O45N39,1.0,3259.7445764667696,0.6256,0.8897,0.0122,0.2499,9.0,4.0
c,3261.5149288249477,3261.5142288072393,1,27,0.2146296656275058,Ac,0,SHHWGYGKHNGPEHWHKDFPIANGERQ,9614.34,H200C147O39N48,2.0,1631.75206146677,0.9938,0.9938,0.001,0.0797,9.0,3.0
y,3273.75430398814,3273.7557049425595,232,259,-0.4279349304028823,0,0,EGEPELLMLANWRPAQPLKNRQVRGFPK,13794.52,H236C147O39N44S1,3.0,1092.25022646677,0.9076,0.9076,0.0005,0.275,9.0,3.0
y,3273.7568840082,3273.7557049425595,232,259,0.3601568799381545,0,0,EGEPELLMLANWRPAQPLKNRQVRGFPK,8219.37,H236C147O39N44S1,2.0,1637.87299146677,0.979,0.979,0.0012,0.1948,9.0,4.0
x+1,3300.741243816118,3300.7427945300497,232,259,-0.46980756393222206,0,0,EGEPELLMLANWRPAQPLKNRQVRGFPK,11816.23,H235C148O40N44S1,3.0,1101.2458031334368,0.954,0.954,0.0013,0.1429,9.0,2.0
cx,3301.7487916499713,3301.7524191110397,189,218,-1.0986472054640173,0,0,YWTYPGSLTTPPLLESVTWIVLKEPISVSS,13245.47,H240C159O44N32,2.0,1651.86883646677,0.9154,0.9154,0.0053,0.2632,9.0,3.0
z+1,3328.774271777607,3328.774094658329,231,259,0.053208560513253775,0,0,AEGEPELLMLANWRPAQPLKNRQVRGFPK,11113.71,H239C150O40N44S1,3.0,1110.5900731334368,0.9869,0.9869,0.0005,0.1055,9.0,3.0
y,3344.7935163299167,3344.792818727269,231,259,0.20856378416026727,0,0,AEGEPELLMLANWRPAQPLKNRQVRGFPK,13061.36,H241C150O40N45S1,3.0,1115.9297798001035,0.9679,0.9679,0.0011,0.1151,9.0,3.0
y,3344.794106334504,3344.792818727269,231,259,0.3849587416700842,0,0,AEGEPELLMLANWRPAQPLKNRQVRGFPK,13360.81,H241C150O40N45S1,2.0,1673.39132646677,0.9782,0.9782,0.0006,0.152,9.0,4.0
bx,3369.836031039664,3369.82964064512,18,49,1.8963553726089266,0,0,DFPIANGERQSPVDIDTKAVVQDPALKPLALV,5588.83,H248C152O46N40,1.0,3370.81710646677,0.7732,0.9389,0.0055,0.3398,9.0,0.0
x+1,3371.7820261701017,3371.7799083147593,231,259,0.6281119764826598,0,0,AEGEPELLMLANWRPAQPLKNRQVRGFPK,9490.24,H240C151O41N45S1,2.0,1686.88518146677,0.8849,0.8884,0.0056,0.2261,9.0,1.0
x+1,3371.782046170257,3371.7799083147593,231,259,0.6340436078515338,0,0,AEGEPELLMLANWRPAQPLKNRQVRGFPK,13572.08,H240C151O41N45S1,3.0,1124.92588646677,0.7476,0.9022,0.0015,0.1837,9.0,2.0
az+2,3395.847613284073,3395.8414511987794,195,224,1.8145974663447713,0,0,SLTTPPLLESVTWIVLKEPISVSSQQMLKF,5282.58,H254C157O45N36S1,1.0,3396.82848646677,-0.094,0.8208,0.005,0.4168,9.0,0.0
a,3400.579060071864,3400.5775573397896,1,29,0.4419049556443007,Ac,0,SHHWGYGKHNGPEHWHKDFPIANGERQSP,3931.95,H209C154O41N49,2.0,1701.28358646677,0.8524,0.8539,0.0004,0.4044,9.0,5.0
a+1,3401.581087862798,3401.5853823718594,1,29,-1.2625022095772762,Ac,0,SHHWGYGKHNGPEHWHKDFPIANGERQSP,6420.85,H210C154O41N49,3.0,1134.8588231334365,0.4551,0.833,0.0014,0.28,9.0,3.0
ay,3415.6901175628677,3415.6863900260196,176,206,1.0912994995765928,0,0,NFDPGSLLPNVLDYWTYPGSLTTPPLLESVT,3086.51,H234C160O49N34,2.0,1708.83905646677,0.8176,0.8798,0.0031,0.4643,9.0,6.0
ay,3427.8587521760405,3427.8715054570994,134,166,-3.7204664873073985,0,0,QQPDGLAVVGVFLKVGDANPALQKVLDALDSIK,5061.54,H254C155O47N40,1.0,3428.83937646677,0.3703,0.8361,0.0193,0.4155,9.0,0.0
z+1,3442.8173584817105,3442.81702209947,230,259,0.09770552385334674,0,0,NAEGEPELLMLANWRPAQPLKNRQVRGFPK,14544.66,H245C154O42N46S1,3.0,1148.6041398001034,0.9346,0.9346,0.0015,0.1754,9.0,2.0
cx,3443.8131962245157,3443.8246471315397,226,255,-3.3250551922163605,0,0,TLNFNAEGEPELLMLANWRPAQPLKNRQVR,7411.05,H246C154O42N46S1,2.0,1722.90048646677,0.6741,0.7974,0.0094,0.317,9.0,2.0
y,3458.8342130154374,3458.83574616841,230,259,-0.44325694686957307,0,0,NAEGEPELLMLANWRPAQPLKNRQVRGFPK,14231.08,H247C154O42N47S1,2.0,1730.41093646677,0.9175,0.9191,0.0062,0.2185,9.0,0.0
y,3458.837503041018,3458.83574616841,230,259,0.5079375653876059,0,0,NAEGEPELLMLANWRPAQPLKNRQVRGFPK,23153.62,H247C154O42N47S1,3.0,1153.94414646677,0.9923,0.9923,0.0033,0.0655,9.0,1.0
bz+2,3462.8755444374665,3462.865708884009,29,60,2.840293064829289,0,0,PVDIDTKAVVQDPALKPLALVYGEATSRRMVN,3126.18,H255C153O46N43S1,1.0,3463.85589646677,0.5219,0.6747,0.0135,0.4441,9.0,3.0
ax,3486.8291406806898,3486.8306607879695,226,255,-0.435956726203366,0,0,TLNFNAEGEPELLMLANWRPAQPLKNRQVR,20317.77,H247C155O43N47S1,3.0,1163.2746198001032,0.9498,0.9498,0.0008,0.1501,9.0,2.0
ax,3486.8292006811566,3486.8306607879695,226,255,-0.4187489886585537,0,0,TLNFNAEGEPELLMLANWRPAQPLKNRQVR,14356.77,H247C155O43N47S1,2.0,1744.40832146677,0.9303,0.9303,0.0056,0.1797,9.0,1.0
a,3499.648700354914,3499.6459712527794,1,30,0.7798223469247898,Ac,0,SHHWGYGKHNGPEHWHKDFPIANGERQSPV,7321.07,H218C159O42N50,3.0,1167.5477731334367,0.8641,0.8641,0.0023,0.3298,9.0,2.0
bx,3560.8975465749536,3560.9065110668294,202,232,-2.5174746508783863,0,0,LESVTWIVLKEPISVSSQQMLKFRTLNFNAE,3776.29,H261C163O46N41S1,3.0,1187.96389646677,0.9742,0.9742,0.0075,0.209,9.0,3.0
z+1,3589.885581961785,3589.8854360124596,229,259,0.040655705632928696,0,0,FNAEGEPELLMLANWRPAQPLKNRQVRGFPK,7035.08,H254C163O43N47S1,3.0,1197.6264998001034,0.6127,0.8655,0.0014,0.251,9.0,3.0
y,3605.9042465095854,3605.9041600814,229,259,0.02396851988612329,0,0,FNAEGEPELLMLANWRPAQPLKNRQVRGFPK,10346.35,H256C163O43N48S1,3.0,1202.9660131334367,0.9934,0.9934,0.0004,0.1334,9.0,3.0
x+1,3632.8924063470495,3632.89124966889,229,259,0.31839052700447423,0,0,FNAEGEPELLMLANWRPAQPLKNRQVRGFPK,8594.42,H255C164O44N48S1,2.0,1817.43935646677,0.6867,0.7629,0.0034,0.2876,9.0,1.0
x+1,3632.892646348915,3632.89124966889,229,259,0.38445412461397066,0,0,FNAEGEPELLMLANWRPAQPLKNRQVRGFPK,13896.05,H255C164O44N48S1,3.0,1211.96207646677,0.7275,0.8242,0.0038,0.2485,9.0,1.0
bz+2,3644.9171498414444,3644.902488315549,204,235,4.0224741107513715,0,0,SVTWIVLKEPISVSSQQMLKFRTLNFNAEGEP,4893.96,H261C165O48N43S1,2.0,1823.45168146677,0.106,0.5663,0.0089,0.5616,9.0,4.0
cy,3651.9879548181375,3651.987597838499,142,176,0.09774941152404763,0,0,VGVFLKVGDANPALQKVLDALDSIKTKGKSTDFPN,4102.87,H270C166O50N42,1.0,3652.9668364667696,0.1626,0.7231,0.0073,0.3294,9.0,1.0
ax,3683.000635946929,3683.016061515809,198,229,-4.18829802049317,0,0,TPPLLESVTWIVLKEPISVSSQQMLKFRTLNF,3703.04,H275C172O46N41S1,1.0,3683.97927646677,0.7473,0.7473,0.0128,0.472,10.0,5.0
y,3719.9466532084025,3719.9470875225397,228,259,-0.1167527728268387,0,0,NFNAEGEPELLMLANWRPAQPLKNRQVRGFPK,10388.49,H262C167O45N50S1,3.0,1240.9798531334368,0.9745,0.9745,0.0004,0.1118,10.0,4.0
bz+2,3747.940470865024,3747.9525497424593,114,148,-3.222793585272301,0,0,AAELHLVHWNTKYGDFGTAAQQPDGLAVVGVFLKV,9321.73,H262C174O47N46,3.0,1250.3110531334366,0.8847,0.8847,0.004,0.211,9.0,2.0
az+2,3789.017150243087,3789.01012418823,17,51,1.8543246460211802,0,0,KDFPIANGERQSPVDIDTKAVVQDPALKPLALVYG,3898.86,H273C171N45O52,2.0,1895.50112146677,0.0463,0.5222,0.0101,0.4627,9.0,0.0
z+1,3817.011307902353,3817.012427430729,227,259,-0.2932996413427319,0,0,LNFNAEGEPELLMLANWRPAQPLKNRQVRGFPK,4225.96,H271C173O46N50S1,3.0,1273.3344864667702,0.8747,0.8918,0.0048,0.195,10.0,3.0
y-1,3832.027794658053,3832.0233264675994,227,259,1.1660133754599071,0,0,LNFNAEGEPELLMLANWRPAQPLKNRQVRGFPK,9906.19,H272C173O46N51S1,3.0,1278.3399431334367,0.9293,0.9293,0.0016,0.2334,10.0,2.0
x+1,3860.024112334113,3860.0182410871594,227,259,1.5210412456292612,0,0,LNFNAEGEPELLMLANWRPAQPLKNRQVRGFPK,5353.69,H272C174O47N51S1,2.0,1931.00432646677,0.5822,0.7656,0.0038,0.3192,10.0,1.0
bx,3871.0110777596096,3871.01241560401,176,210,-0.3456058149291468,0,0,NFDPGSLLPNVLDYWTYPGSLTTPPLLESVTWIVL,8252.66,H275C186O51N39,3.0,1291.3342698001034,0.7418,0.8462,0.0014,0.2448,10.0,3.0
ay,3875.030029007629,3875.016564064689,224,256,3.474809131019337,0,0,FRTLNFNAEGEPELLMLANWRPAQPLKNRQVRG,23276.49,H271C173O47N53S1,2.0,1938.50722646677,0.4963,0.6964,0.0119,0.5029,10.0,2.0
ay,3875.030029007629,3875.016564064689,225,257,3.474809131019337,0,0,RTLNFNAEGEPELLMLANWRPAQPLKNRQVRGF,23276.49,H271C173N53O47S1,2.0,1938.50722646677,0.4963,0.6964,0.0119,0.5029,10.0,2.0
c,3887.806008343008,3887.8053849981393,1,33,0.16033335190401563,Ac,0,SHHWGYGKHNGPEHWHKDFPIANGERQSPVDID,3987.14,H242C174O50N54,3.0,1296.93253646677,0.8374,0.8457,0.0011,0.3182,9.0,4.0
y,3934.078308117891,3934.07882996808,226,259,-0.13264863550418432,0,0,TLNFNAEGEPELLMLANWRPAQPLKNRQVRGFPK,6305.38,H280C177O48N52S1,3.0,1312.35651646677,0.6358,0.8482,0.005,0.285,10.0,4.0
x+1,3961.0671079603308,3961.06591955557,226,259,0.3000214550657467,0,0,TLNFNAEGEPELLMLANWRPAQPLKNRQVRGFPK,9699.99,H279C178O49N52S1,3.0,1321.3527131334367,0.9631,0.9631,0.0035,0.1476,10.0,2.0
cx,3986.106712647452,3986.1047531732,205,239,0.4915762060881126,0,0,VTWIVLKEPISVSSQQMLKFRTLNFNAEGEPELLM,3924.19,H292C183O51N44S2,2.0,1994.04513646677,-0.6506,0.7641,0.0048,0.3684,10.0,0.0
c,3988.8511339857873,3988.8530634665494,1,34,-0.48371818450089327,Ac,0,SHHWGYGKHNGPEHWHKDFPIANGERQSPVDIDT,6298.83,H249C178O52N55,3.0,1330.6139831334367,0.5772,0.8047,0.0014,0.309,10.0,3.0
cx,4038.1353871791125,4038.12662570632,110,146,2.1696874825346284,0,0,RKKYAAELHLVHWNTKYGDFGTAAQQPDGLAVVGVFL,7167.31,H284C189N50O49,2.0,2020.05927146677,0.4074,0.8098,0.0045,0.3021,10.0,0.0
z+1,4074.1621172929745,4074.161216922739,225,259,0.2209952398412264,0,0,RTLNFNAEGEPELLMLANWRPAQPLKNRQVRGFPK,45742.99,H290C183N55O49S1,3.0,1359.05075646677,0.1894,0.5705,0.0016,0.5766,10.0,1.0
z+1,4074.1632373016823,4074.161216922739,225,259,0.49590058801587067,0,0,RTLNFNAEGEPELLMLANWRPAQPLKNRQVRGFPK,17410.81,H290C183N55O49S1,4.0,1019.54016646677,0.9905,0.9905,0.0005,0.0591,10.0,2.0
y,4090.1795018308226,4090.1799409916794,225,259,-0.10736956885062403,0,0,RTLNFNAEGEPELLMLANWRPAQPLKNRQVRGFPK,19978.59,H292C183N56O49S1,3.0,1364.3898431334367,0.9842,0.9842,0.0009,0.1077,10.0,2.0
y,4090.179551831211,4090.1799409916794,225,259,-0.09514507281946637,0,0,RTLNFNAEGEPELLMLANWRPAQPLKNRQVRGFPK,31178.86,H292C183N56O49S1,4.0,1023.54421396677,0.9688,0.9688,0.0003,0.1265,10.0,2.0
ay,4118.175449504006,4118.15826205724,21,58,4.173576067816239,0,0,IANGERQSPVDIDTKAVVQDPALKPLALVYGEATSRRM,29573.88,H296C179O57N52S1,4.0,1030.54313396677,0.9808,0.9808,0.0042,0.0989,10.0,2.0
a,4142.964992246853,4142.96367654469,1,36,0.3175751142912525,Ac,0,SHHWGYGKHNGPEHWHKDFPIANGERQSPVDIDTKA,7059.02,H263C186O53N57,3.0,1381.9848698001033,0.7731,0.9042,0.0027,0.2087,10.0,4.0
ay,4143.165803808197,4143.15416265297,13,49,2.809732578161848,0,0,EHWHKDFPIANGERQSPVDIDTKAVVQDPALKPLALV,7920.23,H291C188O55N51,2.0,2072.57407146677,0.4656,0.6925,0.0049,0.384,10.0,2.0
cx,4145.188399534218,4145.17229805571,154,191,3.884393060238971,0,0,ALQKVLDALDSIKTKGKSTDFPNFDPGSLLPNVLDYWT,14859.41,H297C192O57N45,4.0,1037.29631896677,0.9866,0.9866,0.0045,0.0763,10.0,1.0
cx,4155.181137229427,4155.17911477165,15,52,0.4867317919840553,0,0,WHKDFPIANGERQSPVDIDTKAVVQDPALKPLALVYGE,5977.79,H295C191N49O55,2.0,2078.58169146677,0.07,0.6713,0.0035,0.3541,10.0,1.0
bz+2,4198.204691744771,4198.213651675039,198,234,-2.1342244610805725,0,0,TPPLLESVTWIVLKEPISVSSQQMLKFRTLNFNAEGE,5283.18,H304C191O56N48S1,2.0,2100.09330146677,-0.2034,0.6451,0.0038,0.3911,10.0,2.0
z+1,4221.230850777014,4221.229630835729,224,259,0.2890014028217042,0,0,FRTLNFNAEGEPELLMLANWRPAQPLKNRQVRGFPK,6087.06,H299C192O50N56S1,3.0,1408.0732864667698,0.0792,0.8742,0.0055,0.2375,10.0,4.0
z+1,4221.231570782612,4221.229630835729,224,259,0.45956914277156935,0,0,FRTLNFNAEGEPELLMLANWRPAQPLKNRQVRGFPK,13796.14,H299C192O50N56S1,4.0,1056.30696396677,0.6995,0.8853,0.0018,0.2005,10.0,1.0
y,4237.249205322405,4237.248354904669,224,259,0.20070046987797993,0,0,FRTLNFNAEGEPELLMLANWRPAQPLKNRQVRGFPK,16470.52,H301C192O50N57S1,4.0,1060.31134146677,0.9837,0.9837,0.0006,0.1008,10.0,3.0
a,4242.030502497791,4242.03209045768,1,37,-0.3743394334805106,Ac,0,SHHWGYGKHNGPEHWHKDFPIANGERQSPVDIDTKAV,8104.21,H272C191O54N58,3.0,1415.0064498001034,0.9919,0.9919,0.0021,0.1024,10.0,3.0
x+1,4264.233605130634,4264.235444492159,224,259,-0.43134614621294287,0,0,FRTLNFNAEGEPELLMLANWRPAQPLKNRQVRGFPK,13335.01,H300C193O51N57S1,3.0,1422.4074264667702,0.4225,0.9012,0.0021,0.1816,10.0,2.0
x+1,4264.235105142296,4264.235444492159,224,259,-0.07958047066045301,0,0,FRTLNFNAEGEPELLMLANWRPAQPLKNRQVRGFPK,17083.73,H300C193O51N57S1,4.0,1067.05776396677,0.9756,0.9756,0.0007,0.0959,10.0,2.0
cy,4309.274845333821,4309.270832197989,200,237,0.9312795570651513,0,0,PLLESVTWIVLKEPISVSSQQMLKFRTLNFNAEGEPEL,5245.9,H313C198O58N47S1,2.0,2155.6279464667696,0.7821,0.8044,0.0049,0.3017,10.0,2.0
a,4341.101372790404,4341.10050437067,1,38,0.2000459866874241,Ac,0,SHHWGYGKHNGPEHWHKDFPIANGERQSPVDIDTKAVV,7422.92,H281C196O55N59,3.0,1448.02981646677,0.7433,0.8728,0.0051,0.212,10.0,2.0
y,4365.339701247469,4365.3433179186695,223,259,-0.828496394737916,0,0,KFRTLNFNAEGEPELLMLANWRPAQPLKNRQVRGFPK,12932.42,H313C198N59O51S1,4.0,1092.33371646677,0.8012,0.8218,0.0005,0.3455,10.0,3.0
y,4365.340401252911,4365.3433179186695,223,259,-0.6681412082077167,0,0,KFRTLNFNAEGEPELLMLANWRPAQPLKNRQVRGFPK,8561.39,H313C198N59O51S1,3.0,1456.1094298001033,0.9729,0.9729,0.0006,0.175,10.0,3.0
x,4391.327743308849,4391.322582474089,223,259,1.1752347185800869,0,0,KFRTLNFNAEGEPELLMLANWRPAQPLKNRQVRGFPK,3779.25,H311C199N59O52S1,2.0,2196.6540764667698,0.9322,0.9322,0.0031,0.3409,10.0,6.0
x+1,4392.326451073969,4392.33040750616,223,259,-0.9007592379146386,0,0,KFRTLNFNAEGEPELLMLANWRPAQPLKNRQVRGFPK,13345.65,H312C199N59O52S1,4.0,1099.08035146677,0.9259,0.9259,0.001,0.1849,10.0,2.0
bx,4393.331508888462,4393.33958046415,199,237,-1.8372300933669479,0,0,PPLLESVTWIVLKEPISVSSQQMLKFRTLNFNAEGEPEL,8802.95,H321C202O58N49S1,3.0,1465.43972646677,0.9177,0.9177,0.0019,0.2209,10.0,4.0
bx,4419.355081226096,4419.3480198895295,186,224,1.5978231483849628,0,0,VLDYWTYPGSLTTPPLLESVTWIVLKEPISVSSQQMLKF,15972.49,H323C210O57N45S1,4.0,1105.83745646677,0.9947,0.9947,0.0015,0.0496,11.0,3.0
bx,4419.355571229907,4419.3480198895295,186,224,1.7087000940390502,0,0,VLDYWTYPGSLTTPPLLESVTWIVLKEPISVSSQQMLKF,5716.81,H323C210O57N45S1,3.0,1474.11434646677,0.8895,0.9006,0.0026,0.2901,11.0,6.0
cy,4431.35300451196,4431.3550472874895,17,57,-0.460982139333349,0,0,KDFPIANGERQSPVDIDTKAVVQDPALKPLALVYGEATSRR,6233.53,H319C197N55O61,2.0,2216.6665514667698,0.7735,0.841,0.0067,0.3015,10.0,3.0
ax,4432.402822674472,4432.40060049758,133,175,0.5013483871464353,0,0,AQQPDGLAVVGVFLKVGDANPALQKVLDALDSIKTKGKSTDFP,2949.31,H326C200O61N52,4.0,1109.09936646677,0.0919,0.4705,0.0025,0.5694,10.0,4.0
z+1,4462.403825937298,4462.408657826859,222,259,-1.0827985357452081,0,0,LKFRTLNFNAEGEPELLMLANWRPAQPLKNRQVRGFPK,6285.8,H322C204O52N59S1,3.0,1488.4636531334368,0.7208,0.839,0.0015,0.2889,10.0,3.0
z+1,4462.407965969488,4462.408657826859,222,259,-0.1550412398079012,0,0,LKFRTLNFNAEGEPELLMLANWRPAQPLKNRQVRGFPK,8205.33,H322C204O52N59S1,4.0,1116.60059396677,0.496,0.8945,0.001,0.2272,10.0,4.0
y-1,4477.422112706994,4477.419556863729,222,259,0.5708295219752113,0,0,LKFRTLNFNAEGEPELLMLANWRPAQPLKNRQVRGFPK,14684.12,H323C204O52N60S1,4.0,1120.35410146677,0.9468,0.9468,0.0009,0.154,10.0,2.0
y-1,4477.422622710959,4477.419556863729,222,259,0.6847353015808602,0,0,LKFRTLNFNAEGEPELLMLANWRPAQPLKNRQVRGFPK,8210.27,H323C204O52N60S1,3.0,1493.4698798001034,0.8561,0.8841,0.002,0.2786,10.0,3.0
x+1,4505.415120357317,4505.414471483289,222,259,0.1440209402123451,0,0,LKFRTLNFNAEGEPELLMLANWRPAQPLKNRQVRGFPK,15616.81,H323C205O53N60S1,4.0,1127.35229896677,0.8053,0.8775,0.0024,0.2038,10.0,1.0
ax,4532.435400444522,4532.416644484539,146,188,4.138180898784033,0,0,LKVGDANPALQKVLDALDSIKTKGKSTDFPNFDPGSLLPNVLD,16792.02,H330C204O64N52,4.0,1134.10731646677,0.8841,0.8841,0.0052,0.2382,10.0,1.0
cx,4541.2006585958725,4541.20317432635,48,88,-0.5539788423018988,0,0,LVYGEATSRRMVNNGHSFNVEYDDSQDKAVLKDGPLTGTYR,7336.6,H305C197O65N57S1,3.0,1514.7290598001034,0.8682,0.8682,0.0027,0.2513,10.0,3.0
cx,4541.2006585958725,4541.20317432635,49,89,-0.5539788423018988,0,0,VYGEATSRRMVNNGHSFNVEYDDSQDKAVLKDGPLTGTYRL,7336.6,H305C197O65N57S1,3.0,1514.7290598001034,0.8682,0.8682,0.0027,0.2513,10.0,3.0
cx,4541.2006585958725,4541.20317432635,50,90,-0.5539788423018988,0,0,YGEATSRRMVNNGHSFNVEYDDSQDKAVLKDGPLTGTYRLV,7336.6,H305C197O65N57S1,3.0,1514.7290598001034,0.8682,0.8682,0.0027,0.2513,10.0,3.0
bx,4543.408325760854,4543.396929182811,20,62,2.508382653004721,0,0,PIANGERQSPVDIDTKAVVQDPALKPLALVYGEATSRRMVNNG,5803.91,H327C197O62N59S1,2.0,2272.6937764667696,0.5862,0.7857,0.0035,0.3246,10.0,2.0
ax,4564.441069293958,4564.45409262242,128,172,-2.853206144139591,0,0,DFGTAAQQPDGLAVVGVFLKVGDANPALQKVLDALDSIKTKGKST,2099.99,H334C204O64N54,4.0,1142.10867146677,0.9556,0.9556,0.0021,0.2104,10.0,4.0
ax,4564.441069293958,4564.45409262242,129,173,-2.853206144139591,0,0,FGTAAQQPDGLAVVGVFLKVGDANPALQKVLDALDSIKTKGKSTD,2099.99,H334C204O64N54,4.0,1142.10867146677,0.9556,0.9556,0.0021,0.2104,10.0,4.0
ax,4564.441069293958,4564.45409262242,130,174,-2.853206144139591,0,0,GTAAQQPDGLAVVGVFLKVGDANPALQKVLDALDSIKTKGKSTDF,2099.99,H334C204O64N54,4.0,1142.10867146677,0.9556,0.9556,0.0021,0.2104,10.0,4.0
a+1,4585.193870650466,4585.193849931849,1,40,0.004518591231380084,Ac,0,SHHWGYGKHNGPEHWHKDFPIANGERQSPVDIDTKAVVQD,9668.12,H295C205O60N62,3.0,1529.3933498001034,0.9687,0.9687,0.0011,0.1118,10.0,3.0
z+1,4593.437944749523,4593.44914273985,221,259,-2.437817417541838,0,0,MLKFRTLNFNAEGEPELLMLANWRPAQPLKNRQVRGFPK,10264.9,H331C209S2O53N60,4.0,1149.35783396677,0.8337,0.9386,0.0012,0.1934,11.0,4.0
y,4609.465559366912,4609.46786680879,221,259,-0.5005874743941704,0,0,MLKFRTLNFNAEGEPELLMLANWRPAQPLKNRQVRGFPK,16208.9,H333C209S2O53N61,4.0,1153.36470646677,0.6414,0.8838,0.0029,0.2326,11.0,3.0
b,4612.1811904813985,4612.1809395193395,1,40,0.05441288238469407,Ac,0,SHHWGYGKHNGPEHWHKDFPIANGERQSPVDIDTKAVVQD,10072.29,H294C206O61N62,3.0,1538.3890531334368,0.9823,0.9823,0.0006,0.1635,10.0,4.0
b,4612.184380506201,4612.1809395193395,1,40,0.746065019217777,Ac,0,SHHWGYGKHNGPEHWHKDFPIANGERQSPVDIDTKAVVQD,12484.48,H294C206O61N62,2.0,2307.0815364667696,0.963,0.963,0.0013,0.2383,10.0,5.0
x+1,4636.455169215649,4636.45495639628,221,259,0.045901312782020365,0,0,MLKFRTLNFNAEGEPELLMLANWRPAQPLKNRQVRGFPK,14730.12,H332C210S2O54N61,4.0,1160.11205646677,0.9246,0.9246,0.0014,0.159,11.0,1.0
x+1,4636.457619234699,4636.45495639628,221,259,0.5743263860914251,0,0,MLKFRTLNFNAEGEPELLMLANWRPAQPLKNRQVRGFPK,10004.75,H332C210S2O54N61,3.0,1546.4811331334367,0.5908,0.8285,0.0025,0.2392,11.0,2.0
cx,4661.485513830772,4661.485710344669,186,226,-0.04215692365464222,0,0,VLDYWTYPGSLTTPPLLESVTWIVLKEPISVSSQQMLKFRT,5983.85,H341C220O60N49S1,4.0,1166.36959396677,0.5877,0.7706,0.0049,0.3277,11.0,1.0
cx,4663.488409403621,4663.48994377797,135,179,-0.3290184750752549,0,0,QPDGLAVVGVFLKVGDANPALQKVLDALDSIKTKGKSTDFPNFDP,4075.37,H339C213O64N53,3.0,1555.49132646677,0.7693,0.7794,0.0034,0.5043,10.0,5.0
z+1,4721.5067005055525,4721.507720245129,220,259,-0.21597753031983302,0,0,QMLKFRTLNFNAEGEPELLMLANWRPAQPLKNRQVRGFPK,9324.82,H339C214O55N62S2,3.0,1574.83060646677,0.805,0.8137,0.0036,0.3436,11.0,2.0
z+1,4721.508070516205,4721.507720245129,220,259,0.07418627625168348,0,0,QMLKFRTLNFNAEGEPELLMLANWRPAQPLKNRQVRGFPK,16435.56,H339C214O55N62S2,4.0,1181.37511646677,0.981,0.981,0.0038,0.0981,11.0,2.0
y,4737.525545054753,4737.5264443140695,220,259,-0.18981621045948147,0,0,QMLKFRTLNFNAEGEPELLMLANWRPAQPLKNRQVRGFPK,16898.34,H341C214O55N63S2,4.0,1185.37945396677,0.983,0.983,0.0013,0.1063,11.0,3.0
y,4737.526585062839,4737.5264443140695,220,259,0.029709337027084434,0,0,QMLKFRTLNFNAEGEPELLMLANWRPAQPLKNRQVRGFPK,8843.8,H341C214O55N63S2,3.0,1580.1705264667698,0.9624,0.9624,0.0016,0.2094,11.0,5.0
a,4752.276069742554,4752.275902533338,1,42,0.035185081672422756,Ac,0,SHHWGYGKHNGPEHWHKDFPIANGERQSPVDIDTKAVVQDPA,5165.74,H306C213O62N64,4.0,1189.06705646677,0.9714,0.9714,0.0005,0.2313,11.0,6.0
x+1,4764.515234904113,4764.51353390156,220,259,0.35701494832314756,0,0,QMLKFRTLNFNAEGEPELLMLANWRPAQPLKNRQVRGFPK,14713.61,H340C215O56N63S2,4.0,1192.12682396677,0.9615,0.9615,0.0011,0.1508,11.0,2.0
cx,4765.52223273369,4765.532871219111,133,178,-2.2323810807964324,0,0,AQQPDGLAVVGVFLKVGDANPALQKVLDALDSIKTKGKSTDFPNFD,9273.23,H345C216O66N55,3.0,1589.50233646677,0.9146,0.9146,0.0058,0.2712,11.0,4.0
bx,4791.539475022108,4791.535671585089,210,251,0.7937824695186774,0,0,LKEPISVSSQQMLKFRTLNFNAEGEPELLMLANWRPAQPLKN,7398.57,H347C216O60N59S2,4.0,1198.88283146677,0.9534,0.9534,0.0021,0.2357,11.0,4.0
cy,4822.531445989874,4822.534274602759,205,246,-0.5865407531305419,0,0,VTWIVLKEPISVSSQQMLKFRTLNFNAEGEPELLMLANWRPA,4448.25,H348C222O60N56S2,2.0,2412.25425146677,0.8815,0.885,0.0047,0.3878,11.0,6.0
z+1,4849.567736201559,4849.566297750409,219,259,0.29661439009336954,0,0,QQMLKFRTLNFNAEGEPELLMLANWRPAQPLKNRQVRGFPK,17347.44,H347C219O57N64S2,4.0,1213.38978396677,0.882,0.9092,0.0022,0.1742,11.0,2.0
y,4865.583260724945,4865.585021819349,219,259,-0.3619491584826893,0,0,QQMLKFRTLNFNAEGEPELLMLANWRPAQPLKNRQVRGFPK,15234.86,H349C219O57N65S2,4.0,1217.39363396677,0.9703,0.9703,0.0009,0.1242,11.0,3.0
y,4865.586070746794,4865.585021819349,219,259,0.21558095067045577,0,0,QQMLKFRTLNFNAEGEPELLMLANWRPAQPLKNRQVRGFPK,7699.07,H349C219O57N65S2,3.0,1622.8566898001034,0.5618,0.8604,0.0075,0.2276,11.0,1.0
x+1,4892.57604059833,4892.572111406839,219,259,0.8030932199724671,0,0,QQMLKFRTLNFNAEGEPELLMLANWRPAQPLKNRQVRGFPK,11801.76,H348C220O58N65S2,4.0,1224.14177646677,0.9727,0.9727,0.001,0.1249,11.0,2.0
x+1,4892.577950613181,4892.572111406839,219,259,1.193483960793317,0,0,QQMLKFRTLNFNAEGEPELLMLANWRPAQPLKNRQVRGFPK,7471.23,H348C220O58N65S2,3.0,1631.853913133437,0.501,0.7589,0.0062,0.3218,11.0,1.0
c,4910.377379006719,4910.381430231038,1,43,-0.8250325106194362,Ac,0,SHHWGYGKHNGPEHWHKDFPIANGERQSPVDIDTKAVVQDPAL,9868.23,H320C220O64N66,3.0,1637.7870098001035,0.9,0.9,0.0013,0.2262,11.0,4.0
c,4910.3809490344765,4910.381430231038,1,43,-0.09799576034716366,Ac,0,SHHWGYGKHNGPEHWHKDFPIANGERQSPVDIDTKAVVQDPAL,8842.41,H320C220O64N66,4.0,1228.59296896677,0.9845,0.9845,0.0005,0.1271,11.0,4.0
cy,4931.572683803764,4931.58750683381,110,155,-3.0057319321719653,0,0,RKKYAAELHLVHWNTKYGDFGTAAQQPDGLAVVGVFLKVGDANPAL,3863.94,H347C228N61O62,2.0,2466.77444646677,0.8956,0.8956,0.0074,0.4603,11.0,7.0
bx,4935.589835037787,4935.593186461209,206,248,-0.6790315358874317,0,0,TWIVLKEPISVSSQQMLKFRTLNFNAEGEPELLMLANWRPAQP,5223.94,H355C226O61N59S2,3.0,1646.19109646677,0.7727,0.8069,0.0007,0.3614,11.0,5.0
z+1,4936.596882867753,4936.598326154679,218,259,-0.29236466698764263,0,0,SQQMLKFRTLNFNAEGEPELLMLANWRPAQPLKNRQVRGFPK,15124.43,H352C222O59N65S2,4.0,1235.14690146677,0.9705,0.9705,0.0019,0.1056,11.0,2.0
y-1,4951.61400962843,4951.609225191549,218,259,0.9662387848865185,0,0,SQQMLKFRTLNFNAEGEPELLMLANWRPAQPLKNRQVRGFPK,17881.14,H353C222O59N66S2,4.0,1238.90115396677,0.9702,0.9702,0.0016,0.1111,11.0,2.0
x+1,4979.606227272611,4979.604139811109,218,259,0.41920229869797626,0,0,SQQMLKFRTLNFNAEGEPELLMLANWRPAQPLKNRQVRGFPK,10586.98,H353C223O60N66S2,4.0,1245.89915396677,0.9533,0.9533,0.0007,0.191,11.0,4.0
bz+2,4980.613085101099,4980.614650181779,205,247,-0.314234444915634,0,0,VTWIVLKEPISVSSQQMLKFRTLNFNAEGEPELLMLANWRPAQ,6145.95,H358C227O62N60S2,3.0,1661.1987298001031,0.2843,0.8105,0.0019,0.314,11.0,4.0
a+1,4994.464612799047,4994.46275455654,1,44,0.3720605395647556,Ac,0,SHHWGYGKHNGPEHWHKDFPIANGERQSPVDIDTKAVVQDPALK,21091.16,H330C225O64N67,4.0,1249.61372146677,0.9528,0.9528,0.0015,0.1506,11.0,2.0
bz+2,4995.60265164749,4995.588477920249,188,230,2.8372487654231224,0,0,DYWTYPGSLTTPPLLESVTWIVLKEPISVSSQQMLKFRTLNFN,4123.43,H355C233O65N55S1,2.0,2498.7891814667696,0.8895,0.8895,0.0058,0.4355,11.0,6.0
bz+2,5007.625405126413,5007.622863880049,216,258,0.5074755892845241,0,0,VSSQQMLKFRTLNFNAEGEPELLMLANWRPAQPLKNRQVRGFP,10822.64,H355C224O60N67S2,4.0,1252.90389396677,0.9644,0.9644,0.0006,0.1515,11.0,3.0
z+1,5023.6296795623275,5023.630354558949,217,259,-0.13436430903859953,0,0,SSQQMLKFRTLNFNAEGEPELLMLANWRPAQPLKNRQVRGFPK,11028.91,H357C225O61N66S2,4.0,1256.90493146677,0.9734,0.9734,0.0021,0.1431,11.0,3.0
z+1,5023.630089565515,5023.630354558949,217,259,-0.052749389450851204,0,0,SSQQMLKFRTLNFNAEGEPELLMLANWRPAQPLKNRQVRGFPK,3193.27,H357C225O61N66S2,3.0,1675.5376198001031,0.9686,0.9686,0.0009,0.2698,11.0,6.0
y,5039.648014107563,5039.649078627889,217,259,-0.2112290577974786,0,0,SSQQMLKFRTLNFNAEGEPELLMLANWRPAQPLKNRQVRGFPK,15485.36,H359C225O61N67S2,4.0,1260.90948396677,0.9841,0.9841,0.0005,0.1161,11.0,4.0
y,5039.650164124279,5039.649078627889,217,259,0.2153912650116053,0,0,SSQQMLKFRTLNFNAEGEPELLMLANWRPAQPLKNRQVRGFPK,6834.4,H359C225O61N67S2,3.0,1680.8776031334369,0.9609,0.9609,0.0058,0.1633,11.0,4.0
x+1,5066.637863958166,5066.636168215379,217,259,0.33468809100923913,0,0,SSQQMLKFRTLNFNAEGEPELLMLANWRPAQPLKNRQVRGFPK,5089.64,H358C226O62N67S2,3.0,1689.8734331334367,0.941,0.941,0.0015,0.2605,11.0,5.0
x+1,5066.638483962986,5066.636168215379,217,259,0.4570581999999536,0,0,SSQQMLKFRTLNFNAEGEPELLMLANWRPAQPLKNRQVRGFPK,10475.02,H358C226O62N67S2,4.0,1267.65704896677,0.9697,0.9697,0.0008,0.151,11.0,3.0
a,5090.510379570975,5090.50769337332,1,45,0.5276875739399673,Ac,0,SHHWGYGKHNGPEHWHKDFPIANGERQSPVDIDTKAVVQDPALKP,7508.27,H336C230O65N68,4.0,1273.62497646677,0.9019,0.9019,0.0009,0.2715,11.0,4.0
y,5138.712404349792,5138.71749254088,216,259,-0.9901675067442539,0,0,VSSQQMLKFRTLNFNAEGEPELLMLANWRPAQPLKNRQVRGFPK,8037.41,H368C230O62N68S2,3.0,1713.8980931334368,0.9177,0.9177,0.0034,0.236,11.0,3.0
y,5138.716904384781,5138.71749254088,216,259,-0.11445581510125315,0,0,VSSQQMLKFRTLNFNAEGEPELLMLANWRPAQPLKNRQVRGFPK,17925.93,H368C230O62N68S2,4.0,1285.67651396677,0.9655,0.9655,0.0017,0.1151,11.0,2.0
x+1,5165.710014260732,5165.70458212837,216,259,1.0515762711486152,0,0,VSSQQMLKFRTLNFNAEGEPELLMLANWRPAQPLKNRQVRGFPK,11626.64,H367C231O63N68S2,4.0,1292.42473896677,0.9297,0.9297,0.0013,0.1804,11.0,3.0
cy,5176.707469767791,5176.708469381781,130,180,-0.19309837431376417,0,0,GTAAQQPDGLAVVGVFLKVGDANPALQKVLDALDSIKTKGKSTDFPNFDPG,3647.19,H370C233O73N60,3.0,1726.56301646677,0.7488,0.7761,0.0024,0.3652,11.0,4.0
az+2,5177.7059275309675,5177.703718354511,130,179,0.426671083730334,0,0,GTAAQQPDGLAVVGVFLKVGDANPALQKVLDALDSIKTKGKSTDFPNFDP,3839.88,H369C232O73N61,4.0,1295.42369396677,0.2077,0.5983,0.0025,0.4421,11.0,2.0
az+2,5177.7059275309675,5177.703718354511,131,180,0.426671083730334,0,0,TAAQQPDGLAVVGVFLKVGDANPALQKVLDALDSIKTKGKSTDFPNFDPG,3839.88,H369C232O73N61,4.0,1295.42369396677,0.2077,0.5983,0.0025,0.4421,11.0,2.0
a,5203.591668796941,5203.591757350449,1,46,-0.017017766261888324,Ac,0,SHHWGYGKHNGPEHWHKDFPIANGERQSPVDIDTKAVVQDPALKPL,5586.86,H347C236O66N69,3.0,1735.5243464667699,-0.1079,0.8073,0.0087,0.35,11.0,5.0
z+1,5209.730416526734,5209.73079687621,215,259,-0.07300751044392545,0,0,SVSSQQMLKFRTLNFNAEGEPELLMLANWRPAQPLKNRQVRGFPK,10190.97,H371C233O64N68S2,4.0,1303.42975396677,0.8673,0.9001,0.0036,0.1805,11.0,2.0
y,5225.733430952851,5225.74952094515,215,259,-3.078982686404248,0,0,SVSSQQMLKFRTLNFNAEGEPELLMLANWRPAQPLKNRQVRGFPK,9800.55,H373C233O64N69S2,3.0,1742.90487646677,0.3984,0.8117,0.0041,0.29,11.0,4.0
y,5225.749351076633,5225.74952094515,215,259,-0.03250605805952177,0,0,SVSSQQMLKFRTLNFNAEGEPELLMLANWRPAQPLKNRQVRGFPK,17320.63,H373C233O64N69S2,4.0,1307.43445646677,0.6412,0.9166,0.0005,0.1985,11.0,3.0
ax,5253.742798730378,5253.725122505429,114,163,3.364512709969379,0,0,AAELHLVHWNTKYGDFGTAAQQPDGLAVVGVFLKVGDANPALQKVLDALD,12065.11,H369C240O70N63,4.0,1314.43276396677,0.8436,0.8966,0.0056,0.2224,11.0,2.0
ax,5253.74434874243,5253.725122505429,114,163,3.6595437623223983,0,0,AAELHLVHWNTKYGDFGTAAQQPDGLAVVGVFLKVGDANPALQKVLDALD,6662.57,H369C240O70N63,3.0,1752.2417764667698,0.7387,0.754,0.005,0.3197,11.0,3.0
a,5274.62620110233,5274.62887113516,1,47,-0.5062029756243993,Ac,0,SHHWGYGKHNGPEHWHKDFPIANGERQSPVDIDTKAVVQDPALKPLA,4395.6,H352C239O67N70,3.0,1759.2023398001033,-0.3247,0.7552,0.0085,0.35,11.0,4.0
a+1,5275.634158939371,5275.636696167229,1,47,-0.4809330141463579,Ac,0,SHHWGYGKHNGPEHWHKDFPIANGERQSPVDIDTKAVVQDPALKPLA,15151.47,H353C239O67N70,4.0,1319.90556146677,0.9745,0.9745,0.0014,0.1072,11.0,3.0
bx,5293.7796600236825,5293.775735692989,212,257,0.7413103406091647,0,0,EPISVSSQQMLKFRTLNFNAEGEPELLMLANWRPAQPLKNRQVRGF,7732.03,H377C237O65N69S2,4.0,1324.44190146677,0.9478,0.9478,0.0037,0.179,12.0,5.0
z+1,5322.8150757789035,5322.814860853339,214,259,0.0403781776877879,0,0,ISVSSQQMLKFRTLNFNAEGEPELLMLANWRPAQPLKNRQVRGFPK,11558.48,H382C239O65N69S2,4.0,1331.70069896677,0.8123,0.8743,0.0008,0.2409,12.0,4.0
y,5338.833770326937,5338.833584922279,214,259,0.034727558888007645,0,0,ISVSSQQMLKFRTLNFNAEGEPELLMLANWRPAQPLKNRQVRGFPK,18138.22,H384C239O65N70S2,4.0,1335.70534146677,0.8936,0.9001,0.0027,0.1793,12.0,2.0
cx,5339.827928056679,5339.84839168305,141,190,-3.8322485714255015,0,0,VVGVFLKVGDANPALQKVLDALDSIKTKGKSTDFPNFDPGSLLPNVLDYW,9241.79,H387C249O71N59,3.0,1780.9360798001032,0.0208,0.7908,0.008,0.3041,11.0,2.0
x+1,5365.81744012949,5365.82067450977,214,259,-0.6027745755465834,0,0,ISVSSQQMLKFRTLNFNAEGEPELLMLANWRPAQPLKNRQVRGFPK,10993.18,H383C240O66N70S2,5.0,1074.1624204667698,0.8977,0.8977,0.0007,0.2037,12.0,4.0
x+1,5365.8191201425525,5365.82067450977,214,259,-0.28967930748262094,0,0,ISVSSQQMLKFRTLNFNAEGEPELLMLANWRPAQPLKNRQVRGFPK,12690.46,H383C240O66N70S2,3.0,1789.5997431334367,0.9231,0.9231,0.002,0.1914,12.0,1.0
x+1,5365.81922014333,5365.82067450977,214,259,-0.2710426843290941,0,0,ISVSSQQMLKFRTLNFNAEGEPELLMLANWRPAQPLKNRQVRGFPK,40558.36,H383C240O66N70S2,4.0,1342.45165146677,0.9551,0.9551,0.0029,0.1238,12.0,2.0
a+1,5388.714048154454,5388.72076014436,1,48,-1.2455627605526036,Ac,0,SHHWGYGKHNGPEHWHKDFPIANGERQSPVDIDTKAVVQDPALKPLAL,24770.93,H364C245O68N71,4.0,1348.17531396677,0.9851,0.9851,0.0012,0.0955,11.0,3.0
a+1,5388.714898161062,5388.72076014436,1,48,-1.0878246542991068,Ac,0,SHHWGYGKHNGPEHWHKDFPIANGERQSPVDIDTKAVVQDPALKPLAL,5670.53,H364C245O68N71,3.0,1797.2316098001033,0.9382,0.9382,0.0044,0.2884,11.0,6.0
z+1,5419.860630324347,5419.8676247021895,213,259,-1.2905071354001176,0,0,PISVSSQQMLKFRTLNFNAEGEPELLMLANWRPAQPLKNRQVRGFPK,5539.9,H389C244O66N70S2,4.0,1355.96189896677,0.7171,0.8273,0.0025,0.2738,12.0,4.0
y-1,5434.87728708137,5434.878523739059,213,259,-0.2275409991099485,0,0,PISVSSQQMLKFRTLNFNAEGEPELLMLANWRPAQPLKNRQVRGFPK,52432.95,H390C244O66N71S2,3.0,1812.6189531334367,0.9649,0.9649,0.0048,0.1847,12.0,0.0
y-1,5434.87808708759,5434.878523739059,213,259,-0.08034245247471203,0,0,PISVSSQQMLKFRTLNFNAEGEPELLMLANWRPAQPLKNRQVRGFPK,154897.19,H390C244O66N71S2,4.0,1359.71623396677,0.9744,0.9744,0.0009,0.0941,12.0,0.0
y-1,5434.880757108349,5434.878523739059,213,259,0.4109326969894191,0,0,PISVSSQQMLKFRTLNFNAEGEPELLMLANWRPAQPLKNRQVRGFPK,37962.84,H390C244O66N71S2,5.0,1087.97497646677,0.9779,0.9779,0.0013,0.1001,12.0,2.0
cy,5449.869603649142,5449.87098400375,196,243,-0.25328207073100856,0,0,LTTPPLLESVTWIVLKEPISVSSQQMLKFRTLNFNAEGEPELLMLANW,6174.47,H397C252O71N59S2,4.0,1363.46408396677,0.3538,0.8579,0.003,0.2632,12.0,4.0
bz+2,5463.877032559248,5463.89431308885,120,171,-3.1626764011585955,0,0,VHWNTKYGDFGTAAQQPDGLAVVGVFLKVGDANPALQKVLDALDSIKTKGKS,5466.82,H391C247O73N67,4.0,1366.96591396677,0.9386,0.9386,0.0044,0.1868,11.0,3.0
cx,5489.884854774423,5489.88729637291,125,177,-0.4447447379802786,0,0,KYGDFGTAAQQPDGLAVVGVFLKVGDANPALQKVLDALDSIKTKGKSTDFPNF,7501.37,H393C251N63O75,3.0,1830.95466646677,0.5952,0.7539,0.0039,0.334,11.0,1.0
az+2,5490.901292677398,5490.90387471304,131,183,-0.4702387259324806,0,0,TAAQQPDGLAVVGVFLKVGDANPALQKVLDALDSIKTKGKSTDFPNFDPGSLL,46924.37,H396C247O77N64,4.0,1373.72192646677,0.7346,0.781,0.0017,0.3105,11.0,2.0
az+2,5490.909362740144,5490.90387471304,131,183,0.9994760844059511,0,0,TAAQQPDGLAVVGVFLKVGDANPALQKVLDALDSIKTKGKSTDFPNFDPGSLL,10410.68,H396C247O77N64,5.0,1099.18061046677,0.8282,0.8356,0.0012,0.3295,11.0,3.0
az+2,5547.907445909789,5547.905078096689,200,247,0.4267940901664525,0,0,PLLESVTWIVLKEPISVSSQQMLKFRTLNFNAEGEPELLMLANWRPAQ,3399.31,H399C253O71N65S2,5.0,1110.58013846677,0.362,0.6991,0.0035,0.4858,12.0,4.0
az+2,5547.907445909789,5547.905078096689,201,248,0.4267940901664525,0,0,LLESVTWIVLKEPISVSSQQMLKFRTLNFNAEGEPELLMLANWRPAQP,3399.31,H399C253O71N65S2,5.0,1110.58013846677,0.362,0.6991,0.0035,0.4858,12.0,4.0
az+2,5547.907445909789,5547.905078096689,202,249,0.4267940901664525,0,0,LESVTWIVLKEPISVSSQQMLKFRTLNFNAEGEPELLMLANWRPAQPL,3399.31,H399C253O71N65S2,5.0,1110.58013846677,0.362,0.6991,0.0035,0.4858,12.0,4.0
ay,5547.907445909789,5547.905078096689,203,250,0.4267940901664525,0,0,ESVTWIVLKEPISVSSQQMLKFRTLNFNAEGEPELLMLANWRPAQPLK,3399.31,H399C253O71N65S2,5.0,1110.58013846677,0.362,0.6991,0.0035,0.4858,12.0,4.0
az+2,5547.911975945011,5547.916311486729,204,251,-0.7814720832095536,0,0,SVTWIVLKEPISVSSQQMLKFRTLNFNAEGEPELLMLANWRPAQPLKN,9400.24,H399C252O70N67S2,3.0,1850.2968898001034,0.836,0.8409,0.005,0.2913,12.0,0.0
z+1,5548.91224372226,5548.910217790158,212,259,0.3651045021780499,0,0,EPISVSSQQMLKFRTLNFNAEGEPELLMLANWRPAQPLKNRQVRGFPK,19039.07,H396C249O69N71S2,4.0,1388.22455146677,0.9525,0.9525,0.0006,0.2351,12.0,4.0
y,5564.929868261975,5564.928941859098,212,259,0.1664716452692037,0,0,EPISVSSQQMLKFRTLNFNAEGEPELLMLANWRPAQPLKNRQVRGFPK,18185.59,H398C249O69N72S2,3.0,1855.96947646677,0.8654,0.9065,0.0022,0.2471,12.0,0.0
y,5564.930998270761,5564.928941859098,212,259,0.3695306237543705,0,0,EPISVSSQQMLKFRTLNFNAEGEPELLMLANWRPAQPLKNRQVRGFPK,9249.3,H398C249O69N72S2,5.0,1113.98482246677,0.9578,0.9578,0.0012,0.1609,12.0,3.0
y,5564.931168272083,5564.928941859098,212,259,0.40007931961820675,0,0,EPISVSSQQMLKFRTLNFNAEGEPELLMLANWRPAQPLKNRQVRGFPK,49191.14,H398C249O69N72S2,4.0,1392.22925146677,0.9974,0.9974,0.001,0.0325,12.0,2.0
az+2,5592.922045905845,5592.936906176821,120,172,-2.65697096628704,0,0,VHWNTKYGDFGTAAQQPDGLAVVGVFLKVGDANPALQKVLDALDSIKTKGKST,4106.7,H398C252O76N68,5.0,1119.58298846677,0.963,0.963,0.0034,0.1774,11.0,4.0
az+2,5592.9238159196075,5592.936906176821,120,172,-2.3404979232297674,0,0,VHWNTKYGDFGTAAQQPDGLAVVGVFLKVGDANPALQKVLDALDSIKTKGKST,17095.11,H398C252O76N68,4.0,1399.22735896677,0.968,0.968,0.0034,0.1094,11.0,2.0
az+2,5617.947390482092,5617.946942908669,198,246,0.07966850288108732,0,0,TPPLLESVTWIVLKEPISVSSQQMLKFRTLNFNAEGEPELLMLANWRPA,6369.57,H405C257O72N65S2,3.0,1873.64184646677,0.5845,0.7441,0.0076,0.3794,12.0,4.0
a+1,5650.846146275429,5650.852502589899,1,50,-1.1248416883243975,Ac,0,SHHWGYGKHNGPEHWHKDFPIANGERQSPVDIDTKAVVQDPALKPLALVY,20766.46,H382C259O71N73,4.0,1413.70782896677,0.7751,0.9106,0.0045,0.178,12.0,3.0
a+1,5650.850206306996,5650.852502589899,1,50,-0.4063604387978899,Ac,0,SHHWGYGKHNGPEHWHKDFPIANGERQSPVDIDTKAVVQDPALKPLALVY,7036.27,H382C259O71N73,3.0,1884.60936646677,0.9435,0.9435,0.0018,0.1838,12.0,5.0
cx,5674.981573932423,5674.99651246872,140,192,-2.6323428153160027,0,0,AVVGVFLKVGDANPALQKVLDALDSIKTKGKSTDFPNFDPGSLLPNVLDYWTY,6655.94,H408C265O76N62,3.0,1892.6530931334369,0.7518,0.7689,0.0061,0.323,12.0,2.0
az+2,5675.995211813626,5676.0000411106885,202,250,-0.850827524196099,0,0,LESVTWIVLKEPISVSSQQMLKFRTLNFNAEGEPELLMLANWRPAQPLK,10214.92,H411C259O72N67S2,4.0,1419.99504646677,-0.1138,0.7497,0.0055,0.3724,12.0,1.0
z+1,5677.008639693198,5677.005180804158,211,259,0.6092805854746348,0,0,KEPISVSSQQMLKFRTLNFNAEGEPELLMLANWRPAQPLKNRQVRGFPK,7423.5,H408C255N73O70S2,5.0,1136.40017646677,0.791,0.823,0.0028,0.3762,12.0,5.0
bx,5679.667340365041,5679.66142968489,52,101,1.040674734593591,0,0,EATSRRMVNNGHSFNVEYDDSQDKAVLKDGPLTGTYRLVQFHFHWGSSDD,6093.61,H367C248O80N73S1,2.0,2840.8188664667696,0.2094,0.6607,0.0046,0.3794,12.0,1.0
y-1,5692.019666406446,5692.016079841028,211,259,0.6301045829473728,0,0,KEPISVSSQQMLKFRTLNFNAEGEPELLMLANWRPAQPLKNRQVRGFPK,10077.86,H409C255N74O70S2,5.0,1139.40235846677,0.9424,0.9424,0.0037,0.1822,12.0,3.0
y,5693.023154208732,5693.023904873098,211,259,-0.13185687932576662,0,0,KEPISVSSQQMLKFRTLNFNAEGEPELLMLANWRPAQPLKNRQVRGFPK,29102.08,H410C255N74O70S2,4.0,1424.25199896677,0.7459,0.9191,0.0017,0.1528,12.0,2.0
y,5693.023924214718,5693.023904873098,211,259,0.003397424679978404,0,0,KEPISVSSQQMLKFRTLNFNAEGEPELLMLANWRPAQPLKNRQVRGFPK,10839.31,H410C255N74O70S2,3.0,1898.6671631334366,-0.0884,0.7514,0.0089,0.3265,12.0,1.0
a,5706.864721829238,5706.8661412783995,1,51,-0.24872655609291922,Ac,0,SHHWGYGKHNGPEHWHKDFPIANGERQSPVDIDTKAVVQDPALKPLALVYG,8132.52,H384C261O72N74,4.0,1427.71236396677,0.1885,0.7881,0.0041,0.3343,12.0,2.0
x+1,5720.013574063768,5720.010994460588,211,259,0.45097871002025297,0,0,KEPISVSSQQMLKFRTLNFNAEGEPELLMLANWRPAQPLKNRQVRGFPK,19459.89,H409C256N74O71S2,4.0,1430.99955146677,0.9323,0.9323,0.0013,0.2149,12.0,4.0
bz+2,5721.016681863099,5720.999038051179,193,243,3.084043853590225,0,0,PGSLTTPPLLESVTWIVLKEPISVSSQQMLKFRTLNFNAEGEPELLMLANW,6531.19,H414C262O75N64S2,5.0,1145.20171646677,0.9757,0.9757,0.0031,0.1735,12.0,5.0
cx,5746.062926601847,5746.064172702748,204,253,-0.21686164016248569,0,0,SVTWIVLKEPISVSSQQMLKFRTLNFNAEGEPELLMLANWRPAQPLKNRQ,4323.5,H417C261O71N71S2,5.0,1150.21092646677,0.5589,0.7566,0.0054,0.553,12.0,8.0
ax,5747.035044160224,5747.037154895398,202,251,-0.3672736258944188,0,0,LESVTWIVLKEPISVSSQQMLKFRTLNFNAEGEPELLMLANWRPAQPLKN,4874.82,H416C262O73N68S2,4.0,1437.75486646677,-0.0702,0.7038,0.0036,0.3803,12.0,3.0
y,5806.106203448383,5806.107968850229,210,259,-0.304059424166935,0,0,LKEPISVSSQQMLKFRTLNFNAEGEPELLMLANWRPAQPLKNRQVRGFPK,21467.1,H421C261O71N75S2,4.0,1452.52254146677,0.978,0.978,0.0006,0.1115,12.0,4.0
y,5806.107043454914,5806.107968850229,210,259,-0.15938307035362634,0,0,LKEPISVSSQQMLKFRTLNFNAEGEPELLMLANWRPAQPLKNRQVRGFPK,6943.85,H421C261O71N75S2,5.0,1162.21965646677,0.9704,0.9704,0.0005,0.2177,12.0,5.0
x+1,5833.097593310961,5833.095058437719,210,259,0.43456744953475496,0,0,LKEPISVSSQQMLKFRTLNFNAEGEPELLMLANWRPAQPLKNRQVRGFPK,12756.75,H420C262O72N75S2,4.0,1459.27033646677,0.4649,0.8482,0.002,0.2577,12.0,2.0
bx,5845.093836583762,5845.099554827821,111,165,-0.9782971196744513,0,0,KKYAAELHLVHWNTKYGDFGTAAQQPDGLAVVGVFLKVGDANPALQKVLDALDSI,5697.02,H418C269N70O76,4.0,1462.26937396677,0.8398,0.8731,0.0059,0.3056,12.0,6.0
bx,5845.093836583762,5845.099554827821,112,166,-0.9782971196744513,0,0,KYAAELHLVHWNTKYGDFGTAAQQPDGLAVVGVFLKVGDANPALQKVLDALDSIK,5697.02,H418C269N70O76,4.0,1462.26937396677,0.8398,0.8731,0.0059,0.3056,12.0,6.0
c,5880.930785222041,5880.9301980869395,1,52,0.09983711446398616,Ac,0,SHHWGYGKHNGPEHWHKDFPIANGERQSPVDIDTKAVVQDPALKPLALVYGE,3824.04,H394C267O76N76,4.0,1471.22854146677,0.5052,0.8248,0.0042,0.4162,12.0,7.0
y,5905.175763730811,5905.176382763218,209,259,-0.10482877503582808,0,0,VLKEPISVSSQQMLKFRTLNFNAEGEPELLMLANWRPAQPLKNRQVRGFPK,22810.66,H430C266O72N76S2,4.0,1477.28973896677,0.9812,0.9812,0.0004,0.1231,12.0,4.0
a,5906.944117480058,5906.94584815108,1,53,-0.2929891464903927,Ac,0,SHHWGYGKHNGPEHWHKDFPIANGERQSPVDIDTKAVVQDPALKPLALVYGEA,5989.56,H396C269O76N76,3.0,1969.9733398001033,0.9105,0.9105,0.0029,0.3262,12.0,6.0
x+1,5932.170053615937,5932.163472350708,209,259,1.1094207467292336,0,0,VLKEPISVSSQQMLKFRTLNFNAEGEPELLMLANWRPAQPLKNRQVRGFPK,5958.58,H429C267O73N76S2,5.0,1187.43206246677,0.8457,0.8538,0.0034,0.3352,12.0,4.0
bx,5933.16915138409,5933.186553524099,207,257,-2.933017502810473,0,0,WIVLKEPISVSSQQMLKFRTLNFNAEGEPELLMLANWRPAQPLKNRQVRGF,11068.09,H430C271N76O70S2,4.0,1484.28803146677,0.766,0.8806,0.0048,0.2108,12.0,3.0
c,5951.983887671816,5951.96731187165,1,53,2.7849279569712717,Ac,0,SHHWGYGKHNGPEHWHKDFPIANGERQSPVDIDTKAVVQDPALKPLALVYGEA,4110.12,H399C270O77N77,4.0,1488.99167896677,0.7658,0.7866,0.0041,0.4238,12.0,6.0
ax,5959.137223290199,5959.14201388676,193,245,-0.803907097702204,0,0,PGSLTTPPLLESVTWIVLKEPISVSSQQMLKFRTLNFNAEGEPELLMLANWRP,3460.77,H432C273O77N68S2,3.0,1987.37090646677,-0.6052,0.5303,0.0047,0.4676,12.0,1.0
cx,5973.221342796587,5973.216316239698,201,252,0.8415159643914151,0,0,LLESVTWIVLKEPISVSSQQMLKFRTLNFNAEGEPELLMLANWRPAQPLKNR,4194.2,H438C273O74N72S2,4.0,1494.30100146677,0.6114,0.7409,0.0029,0.5942,12.0,7.0
z+1,6002.240958428961,6002.241722671408,208,259,-0.12732616951918055,0,0,IVLKEPISVSSQQMLKFRTLNFNAEGEPELLMLANWRPAQPLKNRQVRGFPK,3564.0,H439C272O73N76S2,5.0,1201.44613446677,0.8758,0.8758,0.0007,0.5051,12.0,8.0
y,6018.261722993088,6018.260446740348,208,259,0.21206339467163876,0,0,IVLKEPISVSSQQMLKFRTLNFNAEGEPELLMLANWRPAQPLKNRQVRGFPK,6296.51,H441C272O73N77S2,4.0,1505.56100896677,0.3944,0.6683,0.0078,0.4506,12.0,4.0
bx,6043.1893768097725,6043.191449093641,155,209,-0.3429121657869719,0,0,LQKVLDALDSIKTKGKSTDFPNFDPGSLLPNVLDYWTYPGSLTTPPLLESVTWIV,5244.63,H436C283O82N64,3.0,2015.3880731334366,0.2586,0.6938,0.0071,0.339,12.0,2.0
bx,6043.1893768097725,6043.191449093641,156,210,-0.3429121657869719,0,0,QKVLDALDSIKTKGKSTDFPNFDPGSLLPNVLDYWTYPGSLTTPPLLESVTWIVL,5244.63,H436C283O82N64,3.0,2015.3880731334366,0.2586,0.6938,0.0071,0.339,12.0,2.0
x+1,6045.252052847424,6045.247536327838,208,259,0.7471190483041977,0,0,IVLKEPISVSSQQMLKFRTLNFNAEGEPELLMLANWRPAQPLKNRQVRGFPK,9483.56,H440C273O74N77S2,4.0,1512.30853896677,0.6301,0.7515,0.0039,0.3727,12.0,3.0
cy,6078.019067616454,6078.04597319851,9,63,-4.426682880477874,0,0,HNGPEHWHKDFPIANGERQSPVDIDTKAVVQDPALKPLALVYGEATSRRMVNNGH,2518.3,H413C268N81O80S1,4.0,1520.50022896677,0.4321,0.6824,0.0071,0.6049,12.0,6.0
bx,6186.30532956028,6186.305390813749,195,249,-0.009901462142604013,0,0,SLTTPPLLESVTWIVLKEPISVSSQQMLKFRTLNFNAEGEPELLMLANWRPAQPL,4468.35,H453C284O79N71S2,5.0,1238.25872246677,0.2533,0.8005,0.0056,0.3524,13.0,5.0
cx,6187.316977426012,6187.326060287361,111,168,-1.4679784546442753,0,0,KKYAAELHLVHWNTKYGDFGTAAQQPDGLAVVGVFLKVGDANPALQKVLDALDSIKTK,5744.19,H448C285N74O80,4.0,1547.82449396677,0.1784,0.6904,0.0056,0.428,12.0,4.0
y,6204.338669772522,6204.339759690208,207,259,-0.17567021281013184,0,0,WIVLKEPISVSSQQMLKFRTLNFNAEGEPELLMLANWRPAQPLKNRQVRGFPK,4130.39,H451C283N79O74S2,4.0,1552.07988396677,0.3568,0.7114,0.0043,0.4864,13.0,6.0
a+1,6252.129801356576,6252.13449107943,1,56,-0.7500994837320379,Ac,0,SHHWGYGKHNGPEHWHKDFPIANGERQSPVDIDTKAVVQDPALKPLALVYGEATSR,14001.58,H421C282O81N82,4.0,1564.02757396677,0.96,0.96,0.001,0.1519,12.0,3.0
a+1,6252.131761371816,6252.13449107943,1,56,-0.436604109824419,Ac,0,SHHWGYGKHNGPEHWHKDFPIANGERQSPVDIDTKAVVQDPALKPLALVYGEATSR,8236.52,H421C282O81N82,5.0,1251.4239064667702,0.9121,0.9121,0.0012,0.3155,12.0,5.0
z+1,6289.369410900778,6289.368714089678,206,259,0.110791898495107,0,0,TWIVLKEPISVSSQQMLKFRTLNFNAEGEPELLMLANWRPAQPLKNRQVRGFPK,7522.41,H456C287O76N79S2,5.0,1258.87137846677,0.9233,0.9233,0.0006,0.2595,13.0,6.0
y,6305.386665437615,6305.387438158618,206,259,-0.12254932955945518,0,0,TWIVLKEPISVSSQQMLKFRTLNFNAEGEPELLMLANWRPAQPLKNRQVRGFPK,7135.5,H458C287O76N80S2,4.0,1577.34168646677,0.6856,0.8706,0.0047,0.3138,13.0,5.0
y,6305.387495444069,6305.387438158618,206,259,0.009085159497034529,0,0,TWIVLKEPISVSSQQMLKFRTLNFNAEGEPELLMLANWRPAQPLKNRQVRGFPK,3984.88,H458C287O76N80S2,5.0,1262.0749704667699,0.8644,0.8644,0.0028,0.3184,13.0,4.0
y,6404.454655707836,6404.455852071608,205,259,-0.1868017830416458,0,0,VTWIVLKEPISVSSQQMLKFRTLNFNAEGEPELLMLANWRPAQPLKNRQVRGFPK,17183.99,H467C292O77N81S2,4.0,1602.10849146677,0.9914,0.9914,0.0007,0.0766,13.0,4.0
a+1,6408.231815075883,6408.235602103029,1,57,-0.5909625334315776,Ac,0,SHHWGYGKHNGPEHWHKDFPIANGERQSPVDIDTKAVVQDPALKPLALVYGEATSRR,21411.4,H433C288O82N86,5.0,1282.64367446677,0.9741,0.9741,0.0009,0.1051,12.0,3.0
x+1,6431.448175586976,6431.442941659098,205,259,0.813803049292145,0,0,VTWIVLKEPISVSSQQMLKFRTLNFNAEGEPELLMLANWRPAQPLKNRQVRGFPK,8698.35,H466C293O78N81S2,5.0,1287.28691046677,0.9598,0.9598,0.002,0.2236,13.0,5.0
cx,6432.448173362125,6432.42723088061,112,172,3.255766565730273,0,0,KYAAELHLVHWNTKYGDFGTAAQQPDGLAVVGVFLKVGDANPALQKVLDALDSIKTKGKST,11671.78,H463C294N77O85,4.0,1609.10681646677,0.9247,0.9247,0.0058,0.185,12.0,3.0
c,6452.249117317781,6452.24924079153,1,57,-0.01913654350745298,Ac,0,SHHWGYGKHNGPEHWHKDFPIANGERQSPVDIDTKAVVQDPALKPLALVYGEATSRR,8926.93,H435C289O83N87,5.0,1291.44706646677,0.983,0.983,0.0011,0.1023,12.0,3.0
z+1,6475.468957855932,6475.469156406938,204,259,-0.030662026392659865,0,0,SVTWIVLKEPISVSSQQMLKFRTLNFNAEGEPELLMLANWRPAQPLKNRQVRGFPK,8400.17,H470C295O79N81S2,4.0,1619.86192896677,0.8696,0.8893,0.0052,0.2264,13.0,4.0
z+1,6475.470597868683,6475.469156406938,204,259,0.22260344548437536,0,0,SVTWIVLKEPISVSSQQMLKFRTLNFNAEGEPELLMLANWRPAQPLKNRQVRGFPK,6166.17,H470C295O79N81S2,5.0,1296.09132646677,0.9331,0.9331,0.004,0.1852,13.0,4.0
y,6491.484682380873,6491.487880475878,204,259,-0.492659782184059,0,0,SVTWIVLKEPISVSSQQMLKFRTLNFNAEGEPELLMLANWRPAQPLKNRQVRGFPK,15822.98,H472C295O79N82S2,4.0,1623.86582896677,0.8742,0.8807,0.0049,0.2007,13.0,2.0
y,6491.488882413529,6491.487880475878,204,259,0.15434637927692904,0,0,SVTWIVLKEPISVSSQQMLKFRTLNFNAEGEPELLMLANWRPAQPLKNRQVRGFPK,10580.6,H472C295O79N82S2,5.0,1299.29495846677,0.9854,0.9854,0.0026,0.142,13.0,2.0
a+1,6539.270303922086,6539.276087016019,1,58,-0.8843630175846268,Ac,0,SHHWGYGKHNGPEHWHKDFPIANGERQSPVDIDTKAVVQDPALKPLALVYGEATSRRM,20304.95,H442C293O83N87S1,5.0,1308.85116846677,0.974,0.974,0.0011,0.119,13.0,3.0
a+1,6539.272793941446,6539.276087016019,1,58,-0.5035839638893427,Ac,0,SHHWGYGKHNGPEHWHKDFPIANGERQSPVDIDTKAVVQDPALKPLALVYGEATSRRM,6784.56,H442C293O83N87S1,4.0,1635.81276396677,0.9401,0.9401,0.002,0.1996,13.0,4.0
c,6583.286876158309,6583.28972570452,1,58,-0.4328453295900792,Ac,0,SHHWGYGKHNGPEHWHKDFPIANGERQSPVDIDTKAVVQDPALKPLALVYGEATSRRM,5365.26,H444C294O84N88S1,5.0,1317.65441446677,0.5202,0.8028,0.0046,0.2803,13.0,2.0
z+1,6604.514281204939,6604.511749494908,203,259,0.3833303848651415,0,0,ESVTWIVLKEPISVSSQQMLKFRTLNFNAEGEPELLMLANWRPAQPLKNRQVRGFPK,4998.43,H477C300O82N82S2,5.0,1321.89986246677,0.917,0.917,0.0043,0.3193,13.0,6.0
y,6620.529345724748,6620.530473563848,203,259,-0.17035479328535647,0,0,ESVTWIVLKEPISVSSQQMLKFRTLNFNAEGEPELLMLANWRPAQPLKNRQVRGFPK,14030.74,H479C300O82N83S2,4.0,1656.12674396677,0.9857,0.9857,0.0007,0.1222,13.0,5.0
y,6620.53031573229,6620.530473563848,203,259,-0.023839714855394125,0,0,ESVTWIVLKEPISVSSQQMLKFRTLNFNAEGEPELLMLANWRPAQPLKNRQVRGFPK,9483.05,H479C300O82N83S2,5.0,1325.10304446677,0.9339,0.9339,0.0005,0.2149,13.0,6.0
ay,6621.533433531699,6621.550874655259,199,255,-2.6339937409713357,0,0,PPLLESVTWIVLKEPISVSSQQMLKFRTLNFNAEGEPELLMLANWRPAQPLKNRQVR,2676.85,H482C301O82N82S2,3.0,2208.16792646677,0.862,0.883,0.0057,0.4687,13.0,9.0
a,6637.337016407204,6637.33667589694,1,59,0.05130224379898386,Ac,0,SHHWGYGKHNGPEHWHKDFPIANGERQSPVDIDTKAVVQDPALKPLALVYGEATSRRMV,24007.78,H450C298O84N88S1,5.0,1328.4643584667701,0.9742,0.9742,0.0011,0.1248,13.0,2.0
az+2,6638.135552615957,6638.124159417709,80,137,1.7163279827515838,0,0,DGPLTGTYRLVQFHFHWGSSDDQGSEHTVDRKKYAAELHLVHWNTKYGDFGTAAQQPD,6063.95,H425C297O91N85,2.0,3320.04924646677,0.109,0.7245,0.0053,0.3615,13.0,0.0
x+1,6647.506955480184,6647.517563151338,203,259,-1.595734205096887,0,0,ESVTWIVLKEPISVSSQQMLKFRTLNFNAEGEPELLMLANWRPAQPLKNRQVRGFPK,12193.37,H478C301O83N83S2,4.0,1662.87109396677,0.8529,0.8529,0.002,0.2533,13.0,2.0
c,6682.345316354275,6682.35813961751,1,59,-1.9189727587545635,Ac,0,SHHWGYGKHNGPEHWHKDFPIANGERQSPVDIDTKAVVQDPALKPLALVYGEATSRRMV,3974.6,H453C299O85N89S1,4.0,1671.58061646677,0.8366,0.9058,0.0074,0.3432,13.0,6.0
c,6682.3552064311725,6682.35813961751,1,59,-0.43894479699340827,Ac,0,SHHWGYGKHNGPEHWHKDFPIANGERQSPVDIDTKAVVQDPALKPLALVYGEATSRRMV,12664.65,H453C299O85N89S1,5.0,1337.46792646677,0.9686,0.9686,0.0032,0.1203,13.0,3.0
y,6733.612254963312,6733.614537540978,202,259,-0.33898252613238977,0,0,LESVTWIVLKEPISVSSQQMLKFRTLNFNAEGEPELLMLANWRPAQPLKNRQVRGFPK,8216.78,H490C306O83N84S2,5.0,1347.71925646677,0.4426,0.8226,0.0036,0.2707,13.0,2.0
y,6733.615114985549,6733.614537540978,202,259,0.08575551326692266,0,0,LESVTWIVLKEPISVSSQQMLKFRTLNFNAEGEPELLMLANWRPAQPLKNRQVRGFPK,11621.91,H490C306O83N84S2,4.0,1684.39796646677,0.9746,0.9746,0.0008,0.1836,13.0,5.0
a+1,6752.383150910172,6752.387428370151,1,60,-0.6334737193536213,Ac,0,SHHWGYGKHNGPEHWHKDFPIANGERQSPVDIDTKAVVQDPALKPLALVYGEATSRRMVN,27261.93,H457C302O86N90S1,5.0,1351.47340646677,0.9816,0.9816,0.0013,0.0886,13.0,3.0
x+1,6760.603564825267,6760.601627128468,202,259,0.2866160300858354,0,0,LESVTWIVLKEPISVSSQQMLKFRTLNFNAEGEPELLMLANWRPAQPLKNRQVRGFPK,12069.63,H489C307O84N84S2,4.0,1691.14502646677,0.9746,0.9746,0.0016,0.1206,13.0,3.0
ay,6787.621204891945,6787.6242331942,110,172,-0.44615054563257256,0,0,RKKYAAELHLVHWNTKYGDFGTAAQQPDGLAVVGVFLKVGDANPALQKVLDALDSIKTKGKST,6815.81,H488C308N84O89,4.0,1697.89938396677,0.774,0.8498,0.0051,0.2297,13.0,4.0
c,6796.401363159146,6796.401067058651,1,60,0.04356724858607931,Ac,0,SHHWGYGKHNGPEHWHKDFPIANGERQSPVDIDTKAVVQDPALKPLALVYGEATSRRMVN,13155.36,H459C303O87N91S1,5.0,1360.2769804667698,0.095,0.8878,0.0046,0.229,13.0,2.0
z+1,6830.679649678566,6830.679877449168,201,259,-0.03334523147840906,0,0,LLESVTWIVLKEPISVSSQQMLKFRTLNFNAEGEPELLMLANWRPAQPLKNRQVRGFPK,5183.89,H499C312O84N84S2,5.0,1367.1325844667701,0.6948,0.8714,0.001,0.352,13.0,5.0
z+1,6830.691419770081,6830.679877449168,201,259,1.689776291635823,0,0,LLESVTWIVLKEPISVSSQQMLKFRTLNFNAEGEPELLMLANWRPAQPLKNRQVRGFPK,9866.85,H499C312O84N84S2,4.0,1708.66685396677,0.9115,0.9115,0.0029,0.2529,13.0,5.0
y,6846.695864207318,6846.698601518108,201,259,-0.39980010072311684,0,0,LLESVTWIVLKEPISVSSQQMLKFRTLNFNAEGEPELLMLANWRPAQPLKNRQVRGFPK,15073.81,H501C312O84N85S2,4.0,1712.66793396677,0.9715,0.9715,0.002,0.1345,13.0,3.0
y,6846.700304241839,6846.698601518108,201,259,0.24869266634712148,0,0,LLESVTWIVLKEPISVSSQQMLKFRTLNFNAEGEPELLMLANWRPAQPLKNRQVRGFPK,8338.06,H501C312O84N85S2,5.0,1370.33669046677,0.9696,0.9696,0.0009,0.1626,13.0,5.0
x,6872.686856291635,6872.677866073528,201,259,1.3081099219680665,0,0,LLESVTWIVLKEPISVSSQQMLKFRTLNFNAEGEPELLMLANWRPAQPLKNRQVRGFPK,19317.1,H499C313O85N85S2,5.0,1375.53396046677,0.9312,0.9312,0.0024,0.1639,13.0,3.0
x+1,6873.6856140571435,6873.685691105598,201,259,-0.011209190862601158,0,0,LLESVTWIVLKEPISVSSQQMLKFRTLNFNAEGEPELLMLANWRPAQPLKNRQVRGFPK,24653.5,H500C313O85N85S2,4.0,1719.41531896677,0.9832,0.9832,0.0009,0.0826,13.0,3.0
bx,6894.422815292357,6894.423241971869,75,135,-0.06188762964312372,0,0,KAVLKDGPLTGTYRLVQFHFHWGSSDDQGSEHTVDRKKYAAELHLVHWNTKYGDFGTAAQQ,6816.23,H461C312N89O90,5.0,1379.88111846677,0.7996,0.8813,0.0037,0.287,13.0,6.0
ax,6902.2202159184535,6902.2304920443885,51,111,-1.488812340709786,0,0,GEATSRRMVNNGHSFNVEYDDSQDKAVLKDGPLTGTYRLVQFHFHWGSSDDQGSEHTVDRK,6531.35,H445C297O99N91S1,2.0,3452.0905514667697,0.8524,0.8959,0.0086,0.219,13.0,5.0
c,6910.444429863094,6910.443994499791,1,61,0.06300077149702984,Ac,0,SHHWGYGKHNGPEHWHKDFPIANGERQSPVDIDTKAVVQDPALKPLALVYGEATSRRMVNN,8572.37,H465C307O89N93S1,5.0,1383.08541646677,0.884,0.9231,0.0032,0.1731,13.0,4.0
a+1,6923.451570995796,6923.451819531861,1,62,-0.035897709859824996,Ac,0,SHHWGYGKHNGPEHWHKDFPIANGERQSPVDIDTKAVVQDPALKPLALVYGEATSRRMVNNG,8668.19,H466C308O89N93S1,5.0,1385.68682446677,0.9629,0.9629,0.0005,0.1708,13.0,5.0
y-1,6942.741610979088,6942.743540334888,200,259,-0.2778953001207236,0,0,PLLESVTWIVLKEPISVSSQQMLKFRTLNFNAEGEPELLMLANWRPAQPLKNRQVRGFPK,137373.07,H507C317O85N86S2,4.0,1736.67918396677,0.9957,0.9957,0.0007,0.0514,13.0,0.0
y-1,6942.7442209993815,6942.743540334888,200,259,0.0980396999180157,0,0,PLLESVTWIVLKEPISVSSQQMLKFRTLNFNAEGEPELLMLANWRPAQPLKNRQVRGFPK,83954.05,H507C317O85N86S2,5.0,1389.54532446677,0.9914,0.9914,0.0005,0.0588,13.0,1.0
y,6943.751988834946,6943.751365366958,200,259,0.08978835140748324,0,0,PLLESVTWIVLKEPISVSSQQMLKFRTLNFNAEGEPELLMLANWRPAQPLKNRQVRGFPK,14114.9,H508C317O85N86S2,3.0,2315.57327646677,0.9327,0.9327,0.0011,0.2102,13.0,5.0
c,6967.461663181635,6967.465458220361,1,62,-0.5446799483496707,Ac,0,SHHWGYGKHNGPEHWHKDFPIANGERQSPVDIDTKAVVQDPALKPLALVYGEATSRRMVNNG,11597.0,H468C309O90N94S1,5.0,1394.4887744667699,0.9302,0.9302,0.0013,0.1799,13.0,3.0
x,6969.746900949742,6969.730629922378,200,259,2.334527434047215,0,0,PLLESVTWIVLKEPISVSSQQMLKFRTLNFNAEGEPELLMLANWRPAQPLKNRQVRGFPK,5515.83,H506C318O86N86S2,4.0,1743.43045396677,0.6163,0.7349,0.0055,0.5099,13.0,7.0
bz+2,6998.645145638436,6998.647153466748,103,167,-0.2868880611232628,0,0,GSEHTVDRKKYAAELHLVHWNTKYGDFGTAAQQPDGLAVVGVFLKVGDANPALQKVLDALDSIKT,5729.57,H493C315O94N87,6.0,1167.4390648001033,0.3638,0.6495,0.0058,0.5594,13.0,9.0
y-1,7039.792465565741,7039.796304183737,199,259,-0.5452740151662343,0,0,PPLLESVTWIVLKEPISVSSQQMLKFRTLNFNAEGEPELLMLANWRPAQPLKNRQVRGFPK,69701.81,H514C322O86N87S2,5.0,1408.9548224667699,0.9912,0.9912,0.0009,0.0627,13.0,1.0
y-1,7039.794225579425,7039.796304183737,199,259,-0.29526483758318256,0,0,PPLLESVTWIVLKEPISVSSQQMLKFRTLNFNAEGEPELLMLANWRPAQPLKNRQVRGFPK,113564.16,H514C322O86N87S2,4.0,1760.94214896677,0.9932,0.9932,0.0007,0.0616,13.0,1.0
y,7040.796373371293,7040.804129215808,199,259,-1.101556636463444,0,0,PPLLESVTWIVLKEPISVSSQQMLKFRTLNFNAEGEPELLMLANWRPAQPLKNRQVRGFPK,14657.7,H515C322O86N87S2,3.0,2347.9211531334367,0.9861,0.9861,0.003,0.1456,13.0,5.0
a,7059.501538807087,7059.5029063582415,1,63,-0.193717769180694,Ac,0,SHHWGYGKHNGPEHWHKDFPIANGERQSPVDIDTKAVVQDPALKPLALVYGEATSRRMVNNGH,7625.1,H472C314O90N96S1,4.0,1765.86893896677,0.8589,0.8589,0.0066,0.271,13.0,4.0
a+1,7060.503036593901,7060.510731390311,1,63,-1.0898356652360208,Ac,0,SHHWGYGKHNGPEHWHKDFPIANGERQSPVDIDTKAVVQDPALKPLALVYGEATSRRMVNNGH,26865.44,H473C314O90N96S1,5.0,1413.0969044667702,0.915,0.915,0.0024,0.1896,13.0,3.0
cx,7079.799896630219,7079.78294439068,139,205,2.3944575239350265,0,0,LAVVGVFLKVGDANPALQKVLDALDSIKTKGKSTDFPNFDPGSLLPNVLDYWTYPGSLTTPPLLESV,8772.83,H516C330O96N76,4.0,1770.94348896677,0.2897,0.6411,0.0064,0.3829,13.0,2.0
ax,7096.827019018949,7096.7939584549285,197,258,4.658521046785308,0,0,TTPPLLESVTWIVLKEPISVSSQQMLKFRTLNFNAEGEPELLMLANWRPAQPLKNRQVRGFP,11860.91,H515C324O88N87S2,4.0,1775.20023646677,0.9757,0.9757,0.0075,0.1315,14.0,6.0
c,7104.518478821337,7104.524370078811,1,63,-0.82922616169997,Ac,0,SHHWGYGKHNGPEHWHKDFPIANGERQSPVDIDTKAVVQDPALKPLALVYGEATSRRMVNNGH,36488.94,H475C315O91N97S1,5.0,1421.89992446677,0.9817,0.9817,0.0015,0.0987,13.0,2.0
c,7104.5229988564815,7104.524370078811,1,63,-0.19300691481657054,Ac,0,SHHWGYGKHNGPEHWHKDFPIANGERQSPVDIDTKAVVQDPALKPLALVYGEATSRRMVNNGH,3293.78,H475C315O91N97S1,6.0,1185.08523646677,0.9414,0.9414,0.0007,0.3392,13.0,7.0
bz+2,7124.813926621844,7124.821235831928,194,256,-1.0258797858737378,0,0,GSLTTPPLLESVTWIVLKEPISVSSQQMLKFRTLNFNAEGEPELLMLANWRPAQPLKNRQVRG,6972.4,H519C321O90N89S2,3.0,2375.92678646677,0.935,0.935,0.0021,0.3138,14.0,8.0
bz+2,7124.823986700062,7124.821235831928,194,256,0.38609644272011895,0,0,GSLTTPPLLESVTWIVLKEPISVSSQQMLKFRTLNFNAEGEPELLMLANWRPAQPLKNRQVRG,30596.62,H519C321O90N89S2,5.0,1425.96099446677,0.9841,0.9841,0.0012,0.0821,14.0,3.0
bz+2,7124.825716713513,7124.821235831928,194,256,0.6289114403341475,0,0,GSLTTPPLLESVTWIVLKEPISVSSQQMLKFRTLNFNAEGEPELLMLANWRPAQPLKNRQVRG,46327.12,H519C321O90N89S2,4.0,1782.19985646677,0.9913,0.9913,0.0013,0.0682,14.0,3.0
y-1,7140.848071290005,7140.843982652148,198,259,0.5725706746212064,0,0,TPPLLESVTWIVLKEPISVSSQQMLKFRTLNFNAEGEPELLMLANWRPAQPLKNRQVRGFPK,16051.32,H521C326O88N88S2,5.0,1429.16578646677,0.9386,0.9386,0.0007,0.2064,14.0,5.0
y,7141.851699093379,7141.851807684218,198,259,-0.015204857605113337,0,0,TPPLLESVTWIVLKEPISVSSQQMLKFRTLNFNAEGEPELLMLANWRPAQPLKNRQVRGFPK,27498.4,H522C326O88N88S2,4.0,1786.45631896677,0.9896,0.9896,0.0009,0.0879,14.0,4.0
x+1,7168.838278918558,7168.838897271708,198,259,-0.0862556906799624,0,0,TPPLLESVTWIVLKEPISVSSQQMLKFRTLNFNAEGEPELLMLANWRPAQPLKNRQVRGFPK,9701.16,H521C327O89N88S2,4.0,1793.20291146677,0.9087,0.9087,0.0041,0.2145,14.0,5.0
c,7191.552045521898,7191.5563984830815,1,64,-0.6052877766416501,Ac,0,SHHWGYGKHNGPEHWHKDFPIANGERQSPVDIDTKAVVQDPALKPLALVYGEATSRRMVNNGHS,22454.26,H480C318O93N98S1,5.0,1439.30650246677,0.979,0.979,0.0013,0.1066,13.0,1.0
ax,7192.548593270223,7192.555670207091,2,65,-0.9839252126956447,0,0,HHWGYGKHNGPEHWHKDFPIANGERQSPVDIDTKAVVQDPALKPLALVYGEATSRRMVNNGHSF,3724.6,H479C322N97O91S1,4.0,1799.13044396677,0.6443,0.7679,0.0043,0.4365,13.0,6.0
bz+2,7208.803049651346,7208.800585359969,147,212,0.3418448530517929,0,0,KVGDANPALQKVLDALDSIKTKGKSTDFPNFDPGSLLPNVLDYWTYPGSLTTPPLLESVTWIVLKE,10021.72,H519C333N79O99,4.0,1803.19402646677,0.1033,0.5854,0.0072,0.5448,13.0,7.0
y,7242.891644695882,7242.899486152629,197,259,-1.0826405587935175,0,0,TTPPLLESVTWIVLKEPISVSSQQMLKFRTLNFNAEGEPELLMLANWRPAQPLKNRQVRGFPK,9168.56,H529C330O90N89S2,5.0,1449.57434246677,0.7489,0.893,0.005,0.1958,14.0,2.0
y,7242.898234747121,7242.899486152629,197,259,-0.17277687068465222,0,0,TTPPLLESVTWIVLKEPISVSSQQMLKFRTLNFNAEGEPELLMLANWRPAQPLKNRQVRGFPK,15364.66,H529C330O90N89S2,4.0,1811.71775646677,0.0348,0.7514,0.0083,0.3423,14.0,4.0
x+1,7269.89193462766,7269.886575740119,197,259,0.7371349586985466,0,0,TTPPLLESVTWIVLKEPISVSSQQMLKFRTLNFNAEGEPELLMLANWRPAQPLKNRQVRGFPK,10970.75,H528C331O91N89S2,4.0,1818.46612896677,0.5291,0.6586,0.0081,0.4824,14.0,6.0
a+1,7294.607976799029,7294.611173707571,1,65,-0.4382561957030994,Ac,0,SHHWGYGKHNGPEHWHKDFPIANGERQSPVDIDTKAVVQDPALKPLALVYGEATSRRMVNNGHSF,48980.71,H487C326O93N98S1,5.0,1459.9175284667701,0.9813,0.9813,0.0015,0.098,13.0,2.0
c,7338.623299025532,7338.624812396071,1,65,-0.20621990875704718,Ac,0,SHHWGYGKHNGPEHWHKDFPIANGERQSPVDIDTKAVVQDPALKPLALVYGEATSRRMVNNGHSF,13373.16,H489C327O94N99S1,5.0,1468.72052446677,0.9846,0.9846,0.001,0.1106,14.0,4.0
cy,7338.92379136191,7338.920615520029,193,257,0.4327396421428526,0,0,PGSLTTPPLLESVTWIVLKEPISVSSQQMLKFRTLNFNAEGEPELLMLANWRPAQPLKNRQVRGF,6521.33,H533C335O92N89S2,4.0,1835.72395896677,0.5511,0.7544,0.0088,0.3836,14.0,5.0
cy,7338.92379136191,7338.920615520029,194,258,0.4327396421428526,0,0,GSLTTPPLLESVTWIVLKEPISVSSQQMLKFRTLNFNAEGEPELLMLANWRPAQPLKNRQVRGFP,6521.33,H533C335O92N89S2,4.0,1835.72395896677,0.5511,0.7544,0.0088,0.3836,14.0,5.0
y,7355.973503926281,7355.983550129759,196,259,-1.365718589428323,0,0,LTTPPLLESVTWIVLKEPISVSSQQMLKFRTLNFNAEGEPELLMLANWRPAQPLKNRQVRGFPK,9149.63,H540C336O91N90S2,5.0,1472.19053846677,0.8255,0.893,0.0053,0.2043,14.0,4.0
y,7355.979213970678,7355.983550129759,196,259,-0.5894737327719248,0,0,LTTPPLLESVTWIVLKEPISVSSQQMLKFRTLNFNAEGEPELLMLANWRPAQPLKNRQVRGFPK,12259.17,H540C336O91N90S2,4.0,1839.98778146677,0.9589,0.9589,0.0016,0.222,14.0,7.0
x,7381.965106015342,7381.962814685179,196,259,0.3103957877132443,0,0,LTTPPLLESVTWIVLKEPISVSSQQMLKFRTLNFNAEGEPELLMLANWRPAQPLKNRQVRGFPK,5004.88,H538C337O92N90S2,5.0,1477.38881846677,0.3852,0.8554,0.0027,0.2928,14.0,5.0
x+1,7382.975933874698,7382.9706397172495,196,259,0.7170768660663772,0,0,LTTPPLLESVTWIVLKEPISVSSQQMLKFRTLNFNAEGEPELLMLANWRPAQPLKNRQVRGFPK,7953.19,H539C337O92N90S2,4.0,1846.73690896677,0.8554,0.8554,0.0059,0.3084,14.0,4.0
a,7407.643975672855,7407.646276116641,1,66,-0.31054989675229083,Ac,0,SHHWGYGKHNGPEHWHKDFPIANGERQSPVDIDTKAVVQDPALKPLALVYGEATSRRMVNNGHSFN,20773.78,H492C330O95N100S1,5.0,1482.52455246677,0.9151,0.9151,0.0019,0.2075,14.0,3.0
cx,7407.973928238292,7407.978264749318,193,258,-0.5853838755824652,0,0,PGSLTTPPLLESVTWIVLKEPISVSSQQMLKFRTLNFNAEGEPELLMLANWRPAQPLKNRQVRGFP,5766.18,H540C339O92N90S2,4.0,1852.98635896677,0.8037,0.8487,0.0017,0.4017,14.0,8.0
ax,7424.908429906879,7424.906221683728,102,170,0.2974075476300216,0,0,QGSEHTVDRKKYAAELHLVHWNTKYGDFGTAAQQPDGLAVVGVFLKVGDANPALQKVLDALDSIKTKGK,6683.58,H527C334O99N93,4.0,1857.21995146677,0.5628,0.7407,0.0112,0.4942,13.0,6.0
y,7443.011910664474,7443.015578534029,195,259,-0.4927934808681684,0,0,SLTTPPLLESVTWIVLKEPISVSSQQMLKFRTLNFNAEGEPELLMLANWRPAQPLKNRQVRGFPK,8394.24,H545C339O93N91S2,4.0,1861.74578646677,0.9622,0.9622,0.0028,0.2184,14.0,6.0
y,7443.0150906892,7443.015578534029,195,259,-0.06554397526377875,0,0,SLTTPPLLESVTWIVLKEPISVSSQQMLKFRTLNFNAEGEPELLMLANWRPAQPLKNRQVRGFPK,8340.75,H545C339O93N91S2,5.0,1489.5987204667701,0.6653,0.7295,0.0062,0.3512,14.0,3.0
z+1,7484.011469442912,7484.018318185659,194,259,-0.9151157113528884,0,0,GSLTTPPLLESVTWIVLKEPISVSSQQMLKFRTLNFNAEGEPELLMLANWRPAQPLKNRQVRGFPK,5962.67,H546C341O94N91S2,5.0,1497.79793246677,0.8152,0.8606,0.0038,0.2611,14.0,3.0
y,7500.035904035576,7500.037042254599,194,259,-0.1517617868845033,0,0,GSLTTPPLLESVTWIVLKEPISVSSQQMLKFRTLNFNAEGEPELLMLANWRPAQPLKNRQVRGFPK,14807.95,H548C341O94N92S2,4.0,1876.00167396677,0.9447,0.9447,0.0017,0.147,14.0,4.0
a+1,7507.7161637508825,7507.7225150617005,1,67,-0.8459703732055494,Ac,0,SHHWGYGKHNGPEHWHKDFPIANGERQSPVDIDTKAVVQDPALKPLALVYGEATSRRMVNNGHSFNV,24732.06,H502C335O96N101S1,5.0,1502.5388344667701,0.947,0.947,0.0024,0.1541,14.0,3.0
x+1,7527.0285339077955,7527.024131842089,194,259,0.584834807077999,0,0,GSLTTPPLLESVTWIVLKEPISVSSQQMLKFRTLNFNAEGEPELLMLANWRPAQPLKNRQVRGFPK,11587.65,H547C342O95N92S2,4.0,1882.74977896677,0.9627,0.9627,0.001,0.2019,14.0,7.0
ay,7550.722628133347,7550.72496284647,93,161,-0.30920383595638845,0,0,HFHWGSSDDQGSEHTVDRKKYAAELHLVHWNTKYGDFGTAAQQPDGLAVVGVFLKVGDANPALQKVLDA,6542.96,H505C340N95O102,5.0,1511.14006046677,0.5113,0.7207,0.0017,0.4886,14.0,7.0
cx,7579.065338502668,7579.062413699069,139,209,0.3859057280828605,0,0,LAVVGVFLKVGDANPALQKVLDALDSIKTKGKSTDFPNFDPGSLLPNVLDYWTYPGSLTTPPLLESVTWIV,5106.53,H553C356O101N81,5.0,1516.80855846677,0.8414,0.8414,0.0013,0.3552,14.0,5.0
cx,7579.065338502668,7579.062413699069,140,210,0.3859057280828605,0,0,AVVGVFLKVGDANPALQKVLDALDSIKTKGKSTDFPNFDPGSLLPNVLDYWTYPGSLTTPPLLESVTWIVL,5106.53,H553C356O101N81,5.0,1516.80855846677,0.8414,0.8414,0.0013,0.3552,14.0,5.0
y-1,7596.0817308079695,7596.081981071378,193,259,-0.032946380705156084,0,0,PGSLTTPPLLESVTWIVLKEPISVSSQQMLKFRTLNFNAEGEPELLMLANWRPAQPLKNRQVRGFPK,58089.88,H554C346O95N93S2,5.0,1520.21181046677,0.9913,0.9913,0.0037,0.0704,14.0,0.0
y-1,7596.082300812402,7596.081981071378,193,259,0.04209288737285778,0,0,PGSLTTPPLLESVTWIVLKEPISVSSQQMLKFRTLNFNAEGEPELLMLANWRPAQPLKNRQVRGFPK,71398.16,H554C346O95N93S2,4.0,1900.0130864667701,0.9723,0.9723,0.002,0.1088,14.0,3.0
y,7597.087188625572,7597.089806103449,193,259,-0.3445369139519738,0,0,PGSLTTPPLLESVTWIVLKEPISVSSQQMLKFRTLNFNAEGEPELLMLANWRPAQPLKNRQVRGFPK,12404.32,H555C346O95N93S2,3.0,2533.3499831334366,0.9859,0.9859,0.0021,0.1416,14.0,6.0
a+1,7636.758017072909,7636.765108149671,1,68,-0.928544568456875,Ac,0,SHHWGYGKHNGPEHWHKDFPIANGERQSPVDIDTKAVVQDPALKPLALVYGEATSRRMVNNGHSFNVE,14684.69,H509C340O99N102S1,5.0,1528.34700446677,0.9673,0.9673,0.0026,0.1112,14.0,4.0
c,7680.7765693245265,7680.778746838171,1,68,-0.2835016756089739,Ac,0,SHHWGYGKHNGPEHWHKDFPIANGERQSPVDIDTKAVVQDPALKPLALVYGEATSRRMVNNGHSFNVE,9237.54,H511C341O100N103S1,5.0,1537.15064646677,0.5964,0.6709,0.0022,0.5438,14.0,4.0
y,7760.154546501597,7760.153134636,192,259,0.18193785260733203,0,0,YPGSLTTPPLLESVTWIVLKEPISVSSQQMLKFRTLNFNAEGEPELLMLANWRPAQPLKNRQVRGFPK,8269.34,H564C355O97N94S2,5.0,1553.02611846677,0.9368,0.9368,0.0017,0.2135,14.0,3.0
a+1,7799.822364925531,7799.82843668222,1,69,-0.7784474669756581,Ac,0,SHHWGYGKHNGPEHWHKDFPIANGERQSPVDIDTKAVVQDPALKPLALVYGEATSRRMVNNGHSFNVEY,17607.98,H518C349O101N103S1,5.0,1560.95962046677,0.9841,0.9841,0.0038,0.0914,14.0,3.0
ax,7863.283358345385,7863.247454346628,139,211,4.566052253280469,0,0,LAVVGVFLKVGDANPALQKVLDALDSIKTKGKSTDFPNFDPGSLLPNVLDYWTYPGSLTTPPLLESVTWIVLK,5771.31,H577C369O104N85,2.0,3932.6183864667696,0.4307,0.7109,0.0207,0.3559,14.0,3.0
x+1,7888.189441994357,7888.187902691899,191,259,0.19514018652754256,0,0,TYPGSLTTPPLLESVTWIVLKEPISVSSQQMLKFRTLNFNAEGEPELLMLANWRPAQPLKNRQVRGFPK,8048.08,H570C360O100N95S2,5.0,1578.63289846677,0.5224,0.7657,0.0041,0.3419,14.0,4.0
bz+2,7889.181679709172,7889.177283695169,182,250,0.5572208413727964,0,0,LLPNVLDYWTYPGSLTTPPLLESVTWIVLKEPISVSSQQMLKFRTLNFNAEGEPELLMLANWRPAQPLK,4287.29,H571C367O100N89S2,4.0,1973.28736146677,0.5672,0.6947,0.006,0.5406,14.0,6.0
a+1,7914.855519327577,7914.8553797060495,1,70,0.01764043950588829,Ac,0,SHHWGYGKHNGPEHWHKDFPIANGERQSPVDIDTKAVVQDPALKPLALVYGEATSRRMVNNGHSFNVEYD,8305.82,H523C353O104N104S1,5.0,1583.9660724667701,0.9407,0.9407,0.0047,0.2349,14.0,6.0
b,7941.849009206482,7941.84246929354,1,70,0.8234755307546593,Ac,0,SHHWGYGKHNGPEHWHKDFPIANGERQSPVDIDTKAVVQDPALKPLALVYGEATSRRMVNNGHSFNVEYD,5710.3,H522C354O105N104S1,4.0,1986.45409146677,0.4265,0.6631,0.0028,0.4708,14.0,5.0
b,7941.850949221566,7941.84246929354,1,70,1.0677532398095448,Ac,0,SHHWGYGKHNGPEHWHKDFPIANGERQSPVDIDTKAVVQDPALKPLALVYGEATSRRMVNNGHSFNVEYD,12064.3,H522C354O105N104S1,5.0,1589.3651164667701,0.9185,0.9185,0.0008,0.2458,14.0,5.0
c,7958.863431496466,7958.86901839455,1,70,-0.7019713569214476,Ac,0,SHHWGYGKHNGPEHWHKDFPIANGERQSPVDIDTKAVVQDPALKPLALVYGEATSRRMVNNGHSFNVEYD,6388.87,H525C354O105N105S1,5.0,1592.7675864667701,0.9277,0.9277,0.0012,0.2866,14.0,6.0
a,8028.880255889005,8028.87449769781,1,71,0.7171853535359826,Ac,0,SHHWGYGKHNGPEHWHKDFPIANGERQSPVDIDTKAVVQDPALKPLALVYGEATSRRMVNNGHSFNVEYDD,7125.58,H527C357O107N105S1,5.0,1606.77084246677,0.8788,0.8879,0.0012,0.2702,14.0,3.0
b,8056.869013506284,8056.869412317369,1,71,-0.049499509594740136,Ac,0,SHHWGYGKHNGPEHWHKDFPIANGERQSPVDIDTKAVVQDPALKPLALVYGEATSRRMVNNGHSFNVEYDD,6361.91,H527C358O108N105S1,5.0,1612.36855046677,0.8817,0.8865,0.0046,0.3407,14.0,6.0
c,8073.894605883117,8073.89596141838,1,71,-0.16789109854727885,Ac,0,SHHWGYGKHNGPEHWHKDFPIANGERQSPVDIDTKAVVQDPALKPLALVYGEATSRRMVNNGHSFNVEYDD,12983.79,H530C358O108N106S1,5.0,1615.77364246677,0.748,0.8705,0.0021,0.2467,14.0,3.0
z+1,8194.318312197607,8194.324730517881,189,259,-0.7832640864289688,0,0,YWTYPGSLTTPPLLESVTWIVLKEPISVSSQQMLKFRTLNFNAEGEPELLMLANWRPAQPLKNRQVRGFPK,4771.18,H588C379O102N97S2,5.0,1639.85819646677,0.6336,0.7663,0.0032,0.4661,15.0,7.0
y,8210.342606789183,8210.34345458682,189,259,-0.10325970427378614,0,0,YWTYPGSLTTPPLLESVTWIVLKEPISVSSQQMLKFRTLNFNAEGEPELLMLANWRPAQPLKNRQVRGFPK,35501.15,H590C379O102N98S2,5.0,1643.0630304667702,0.9827,0.9827,0.0031,0.0825,15.0,2.0
y,8210.34612681655,8210.34345458682,189,259,0.3254711260956628,0,0,YWTYPGSLTTPPLLESVTWIVLKEPISVSSQQMLKFRTLNFNAEGEPELLMLANWRPAQPLKNRQVRGFPK,9365.67,H590C379O102N98S2,3.0,2737.768039800103,0.9661,0.9661,0.001,0.1791,15.0,7.0
y,8210.346646820595,8210.34345458682,189,259,0.3888063626671058,0,0,YWTYPGSLTTPPLLESVTWIVLKEPISVSSQQMLKFRTLNFNAEGEPELLMLANWRPAQPLKNRQVRGFPK,22704.31,H590C379O102N98S2,4.0,2053.57797896677,0.9369,0.9369,0.0061,0.1775,15.0,3.0
x+1,8237.34044670191,8237.33054417431,189,259,1.2021525112261569,0,0,YWTYPGSLTTPPLLESVTWIVLKEPISVSSQQMLKFRTLNFNAEGEPELLMLANWRPAQPLKNRQVRGFPK,11284.02,H589C380O103N98S2,4.0,2060.32637646677,0.7073,0.7546,0.0022,0.4521,15.0,6.0
a,8243.96574821474,8243.965103607361,1,73,0.07819142492584928,Ac,0,SHHWGYGKHNGPEHWHKDFPIANGERQSPVDIDTKAVVQDPALKPLALVYGEATSRRMVNNGHSFNVEYDDSQ,4312.21,H540C365O111N108S1,5.0,1649.78760646677,0.6286,0.8135,0.0027,0.3911,14.0,6.0
y,8325.366531119462,8325.37039761065,188,259,-0.4644227227657195,0,0,DYWTYPGSLTTPPLLESVTWIVLKEPISVSSQQMLKFRTLNFNAEGEPELLMLANWRPAQPLKNRQVRGFPK,3213.64,H595C383O105N99S2,5.0,1666.06763646677,0.5047,0.7991,0.008,0.4857,15.0,9.0
y,8325.376511197059,8325.37039761065,188,259,0.7343320617489408,0,0,DYWTYPGSLTTPPLLESVTWIVLKEPISVSSQQMLKFRTLNFNAEGEPELLMLANWRPAQPLKNRQVRGFPK,12120.64,H595C383O105N99S2,4.0,2082.33522146677,0.6976,0.7989,0.0013,0.3132,15.0,4.0
bx,8354.368836617246,8354.351144121021,129,207,2.1177582699117212,0,0,FGTAAQQPDGLAVVGVFLKVGDANPALQKVLDALDSIKTKGKSTDFPNFDPGSLLPNVLDYWTYPGSLTTPPLLESVTW,2329.32,H594C387O114N92,5.0,1671.86805246677,0.811,0.8364,0.0057,0.509,15.0,11.0
x+1,8465.456370341431,8465.441551175269,187,259,1.7505485181448392,0,0,LDYWTYPGSLTTPPLLESVTWIVLKEPISVSSQQMLKFRTLNFNAEGEPELLMLANWRPAQPLKNRQVRGFPK,9635.91,H605C390O107N100S2,4.0,2117.35491396677,0.8004,0.8134,0.0025,0.3191,15.0,4.0
bz+2,8476.47873604217,8476.51820944612,137,215,-4.656794567511329,0,0,DGLAVVGVFLKVGDANPALQKVLDALDSIKTKGKSTDFPNFDPGSLLPNVLDYWTYPGSLTTPPLLESVTWIVLKEPIS,4980.63,H616C394O115N92,4.0,2120.1104839667696,-0.2387,0.4931,0.0124,0.5535,15.0,6.0
y-1,8536.519242867169,8536.5150504687,186,259,0.4911135801158939,0,0,VLDYWTYPGSLTTPPLLESVTWIVLKEPISVSSQQMLKFRTLNFNAEGEPELLMLANWRPAQPLKNRQVRGFPK,6668.44,H614C394O107N101S2,4.0,2135.1204939667696,0.7038,0.8059,0.0061,0.3095,15.0,5.0
y-1,8536.535132990717,8536.5150504687,186,259,2.352543385395546,0,0,VLDYWTYPGSLTTPPLLESVTWIVLKEPISVSSQQMLKFRTLNFNAEGEPELLMLANWRPAQPLKNRQVRGFPK,8468.67,H614C394O107N101S2,5.0,1708.30102846677,0.8266,0.8393,0.0054,0.4232,15.0,8.0
x,8563.528292867057,8563.502140056191,186,259,3.053985441714666,0,0,VLDYWTYPGSLTTPPLLESVTWIVLKEPISVSSQQMLKFRTLNFNAEGEPELLMLANWRPAQPLKNRQVRGFPK,2860.39,H613C395O108N101S2,5.0,1713.6996184667698,0.6186,0.7089,0.0036,0.4852,15.0,7.0
x+1,8564.510450503498,8564.50996508826,186,259,0.0566775261563777,0,0,VLDYWTYPGSLTTPPLLESVTWIVLKEPISVSSQQMLKFRTLNFNAEGEPELLMLANWRPAQPLKNRQVRGFPK,10959.27,H614C395O108N101S2,4.0,2142.1182414667696,0.8778,0.8983,0.0015,0.2454,15.0,6.0
y,8651.563667356842,8651.56580294191,185,259,-0.2468437640428704,0,0,NVLDYWTYPGSLTTPPLLESVTWIVLKEPISVSSQQMLKFRTLNFNAEGEPELLMLANWRPAQPLKNRQVRGFPK,9282.61,H621C398O109N103S2,4.0,2163.88137646677,0.6253,0.7417,0.0019,0.386,15.0,5.0
ay,8652.567325160451,8652.555005961,151,228,1.4237643612990978,0,0,ANPALQKVLDALDSIKTKGKSTDFPNFDPGSLLPNVLDYWTYPGSLTTPPLLESVTWIVLKEPISVSSQQMLKFRTLN,9102.73,H624C398O117N96S1,5.0,1731.5072864667702,0.5157,0.8229,0.0058,0.3257,15.0,5.0
x+1,8678.55750723847,8678.5528925294,185,259,0.5317371603090427,0,0,NVLDYWTYPGSLTTPPLLESVTWIVLKEPISVSSQQMLKFRTLNFNAEGEPELLMLANWRPAQPLKNRQVRGFPK,14404.56,H620C399O110N103S2,4.0,2170.62978396677,0.5373,0.6912,0.0032,0.385,15.0,4.0
az+2,8728.599436322851,8728.6040643284,133,213,-0.5302114191918468,0,0,AQQPDGLAVVGVFLKVGDANPALQKVLDALDSIKTKGKSTDFPNFDPGSLLPNVLDYWTYPGSLTTPPLLESVTWIVLKEP,4780.14,H628C404O119N96,4.0,2183.1401689667696,0.6114,0.6815,0.0041,0.4961,15.0,6.0
y-1,8747.611414144165,8747.61074175869,184,259,0.0768650428956561,0,0,PNVLDYWTYPGSLTTPPLLESVTWIVLKEPISVSSQQMLKFRTLNFNAEGEPELLMLANWRPAQPLKNRQVRGFPK,47059.83,H627C403O110N104S2,4.0,2187.89312646677,0.9872,0.9872,0.001,0.0741,15.0,3.0
y-1,8747.61205414914,8747.61074175869,184,259,0.1500284464847019,0,0,PNVLDYWTYPGSLTTPPLLESVTWIVLKEPISVSSQQMLKFRTLNFNAEGEPELLMLANWRPAQPLKNRQVRGFPK,45192.15,H627C403O110N104S2,5.0,1750.51608446677,0.9688,0.9688,0.0033,0.1152,15.0,1.0
a+1,8771.267268072392,8771.284426352091,1,78,-1.9561878130115495,Ac,0,SHHWGYGKHNGPEHWHKDFPIANGERQSPVDIDTKAVVQDPALKPLALVYGEATSRRMVNNGHSFNVEYDDSQDKAVL,11811.04,H583C389O118N114S1,5.0,1755.24709046677,0.8344,0.8358,0.0056,0.2717,15.0,4.0
c,8815.29271037758,8815.298065040592,1,78,-0.6074284694655973,Ac,0,SHHWGYGKHNGPEHWHKDFPIANGERQSPVDIDTKAVVQDPALKPLALVYGEATSRRMVNNGHSFNVEYDDSQDKAVL,11330.84,H585C390O119N115S1,5.0,1764.0521104667698,0.7204,0.8413,0.0048,0.2613,15.0,4.0
bx,8844.693188971227,8844.72417946108,135,217,-3.5038390371859918,0,0,QPDGLAVVGVFLKVGDANPALQKVLDALDSIKTKGKSTDFPNFDPGSLLPNVLDYWTYPGSLTTPPLLESVTWIVLKEPISVS,5166.62,H644C411O120N96,4.0,2212.16338146677,0.6556,0.741,0.0098,0.5068,15.0,9.0
y,8861.701541214014,8861.70263076789,183,259,-0.12295085060110938,0,0,LPNVLDYWTYPGSLTTPPLLESVTWIVLKEPISVSSQQMLKFRTLNFNAEGEPELLMLANWRPAQPLKNRQVRGFPK,11556.88,H639C409O111N105S2,5.0,1773.33380446677,0.6879,0.7846,0.0032,0.3021,15.0,2.0
ax,8886.669755346062,8886.655448278261,150,229,1.6099496468320056,0,0,DANPALQKVLDALDSIKTKGKSTDFPNFDPGSLLPNVLDYWTYPGSLTTPPLLESVTWIVLKEPISVSSQQMLKFRTLNF,2606.0,H638C410O120N98S1,5.0,1778.32740846677,0.2467,0.561,0.0057,0.5437,15.0,7.0
cy,8931.215191694291,8931.251508770989,53,130,-4.066292015410882,0,0,ATSRRMVNNGHSFNVEYDDSQDKAVLKDGPLTGTYRLVQFHFHWGSSDDQGSEHTVDRKKYAAELHLVHWNTKYGDFG,2682.65,H581C396O122N115S1,3.0,2978.055859800103,0.7791,0.8242,0.0225,0.4239,15.0,8.0
y,8974.775580383612,8974.78669474502,182,259,-1.2383983916913253,0,0,LLPNVLDYWTYPGSLTTPPLLESVTWIVLKEPISVSSQQMLKFRTLNFNAEGEPELLMLANWRPAQPLKNRQVRGFPK,13271.4,H650C415O112N106S2,5.0,1795.9484364667699,0.6066,0.6387,0.0061,0.4751,15.0,5.0
x,9000.771632507272,9000.765959300441,182,259,0.6303026716994623,0,0,LLPNVLDYWTYPGSLTTPPLLESVTWIVLKEPISVSSQQMLKFRTLNFNAEGEPELLMLANWRPAQPLKNRQVRGFPK,4767.12,H648C416O113N106S2,5.0,1801.1476064667702,0.2628,0.6768,0.0039,0.4884,16.0,8.0
x+1,9001.79841049064,9001.77378433251,182,259,2.7357006208510226,0,0,LLPNVLDYWTYPGSLTTPPLLESVTWIVLKEPISVSSQQMLKFRTLNFNAEGEPELLMLANWRPAQPLKNRQVRGFPK,5693.78,H649C416O113N106S2,4.0,2251.4393814667696,0.6458,0.777,0.0029,0.3472,16.0,5.0
a,9013.39795067901,9013.398507357851,1,80,-0.061761259285715214,Ac,0,SHHWGYGKHNGPEHWHKDFPIANGERQSPVDIDTKAVVQDPALKPLALVYGEATSRRMVNNGHSFNVEYDDSQDKAVLKD,5229.68,H599C399O122N117S1,5.0,1803.67285046677,0.4781,0.724,0.0032,0.4588,15.0,8.0
cx,9026.781974742038,9026.781409364581,179,258,0.0626333386520715,0,0,PGSLLPNVLDYWTYPGSLTTPPLLESVTWIVLKEPISVSSQQMLKFRTLNFNAEGEPELLMLANWRPAQPLKNRQVRGFP,9954.33,H650C418O113N106S2,5.0,1806.3496344667699,0.3917,0.8405,0.0037,0.328,16.0,8.0
cx,9026.783634754946,9026.781409364581,179,258,0.24653198781270177,0,0,PGSLLPNVLDYWTYPGSLTTPPLLESVTWIVLKEPISVSSQQMLKFRTLNFNAEGEPELLMLANWRPAQPLKNRQVRGFP,7319.58,H650C418O113N106S2,4.0,2257.6856389667696,0.9072,0.9072,0.0017,0.2302,16.0,7.0
bz+2,9034.568335282296,9034.559467159661,99,182,0.9815777589914053,0,0,SDDQGSEHTVDRKKYAAELHLVHWNTKYGDFGTAAQQPDGLAVVGVFLKVGDANPALQKVLDALDSIKTKGKSTDFPNFDPGSL,4364.6,H622C403O127N110,3.0,3012.5066398001027,0.3572,0.6203,0.006,0.425,15.0,2.0
ax,9042.389566093678,9042.423719046179,36,116,-3.776968826323401,0,0,AVVQDPALKPLALVYGEATSRRMVNNGHSFNVEYDDSQDKAVLKDGPLTGTYRLVQFHFHWGSSDDQGSEHTVDRKKYAAE,6503.26,H606C399O126N114S1,5.0,1809.47112846677,0.294,0.7296,0.0065,0.3592,15.0,4.0
y-1,9060.802689258793,9060.81089811722,181,259,-0.9059739266145244,0,0,SLLPNVLDYWTYPGSLTTPPLLESVTWIVLKEPISVSSQQMLKFRTLNFNAEGEPELLMLANWRPAQPLKNRQVRGFPK,2378.69,H654C418O114N107S2,4.0,2266.1903364667696,0.2467,0.6108,0.0041,0.5058,16.0,7.0
cx,9072.429239657173,9072.470469238599,33,113,-4.5444712733527455,0,0,DTKAVVQDPALKPLALVYGEATSRRMVNNGHSFNVEYDDSQDKAVLKDGPLTGTYRLVQFHFHWGSSDDQGSEHTVDRKKY,12527.73,H612C401O126N114S1,5.0,1815.4790164667702,0.753,0.8023,0.0105,0.2916,15.0,1.0
y,9118.842050524552,9118.84018686986,180,259,0.20437409295442685,0,0,GSLLPNVLDYWTYPGSLTTPPLLESVTWIVLKEPISVSSQQMLKFRTLNFNAEGEPELLMLANWRPAQPLKNRQVRGFPK,14791.62,H658C420O115N108S2,5.0,1824.76150646677,0.8793,0.8793,0.005,0.211,16.0,4.0
y,9118.842420527428,9118.84018686986,180,259,0.24494974380342097,0,0,GSLLPNVLDYWTYPGSLTTPPLLESVTWIVLKEPISVSSQQMLKFRTLNFNAEGEPELLMLANWRPAQPLKNRQVRGFPK,8417.32,H658C420O115N108S2,4.0,2280.70015646677,0.7276,0.8116,0.0034,0.3377,16.0,6.0
x,9144.82432254107,9144.819451425281,180,259,0.5326639650621592,0,0,GSLLPNVLDYWTYPGSLTTPPLLESVTWIVLKEPISVSSQQMLKFRTLNFNAEGEPELLMLANWRPAQPLKNRQVRGFPK,8602.59,H656C421O116N108S2,5.0,1829.95792046677,0.6232,0.8141,0.0032,0.2756,16.0,3.0
x+1,9145.83575040509,9145.82727645735,180,259,0.9265370406277287,0,0,GSLLPNVLDYWTYPGSLTTPPLLESVTWIVLKEPISVSSQQMLKFRTLNFNAEGEPELLMLANWRPAQPLKNRQVRGFPK,11390.76,H657C421O116N108S2,4.0,2287.4484364667696,0.8414,0.8658,0.0024,0.256,16.0,4.0
bz+2,9170.873245075803,9170.87667443454,144,226,-0.3739401212881881,0,0,VFLKVGDANPALQKVLDALDSIKTKGKSTDFPNFDPGSLLPNVLDYWTYPGSLTTPPLLESVTWIVLKEPISVSSQQMLKFRT,8824.08,H666C424O122N102S1,4.0,2293.7077614667696,0.9159,0.9159,0.0053,0.2689,16.0,7.0
cx,9170.881435139483,9170.88299928362,130,216,-0.17055545654508134,0,0,GTAAQQPDGLAVVGVFLKVGDANPALQKVLDALDSIKTKGKSTDFPNFDPGSLLPNVLDYWTYPGSLTTPPLLESVTWIVLKEPISV,12359.3,H666C425O125N100,5.0,1835.16930246677,0.9212,0.9212,0.0032,0.1954,15.0,5.0
cy,9197.879645055089,9197.87634008137,143,226,0.3593192164392645,0,0,GVFLKVGDANPALQKVLDALDSIKTKGKSTDFPNFDPGSLLPNVLDYWTYPGSLTTPPLLESVTWIVLKEPISVSSQQMLKFRT,13444.55,H667C426O123N101S1,4.0,2300.4593089667696,0.9104,0.9104,0.0024,0.2489,16.0,6.0
az+2,9198.865632721308,9198.871589054099,144,226,-0.6475068961213238,0,0,VFLKVGDANPALQKVLDALDSIKTKGKSTDFPNFDPGSLLPNVLDYWTYPGSLTTPPLLESVTWIVLKEPISVSSQQMLKFRT,16728.68,H666C425O123N102S1,5.0,1840.7660984667702,0.8934,0.8934,0.0028,0.2131,16.0,4.0
y,9215.892745109959,9215.89295071871,179,259,-0.022310236419569772,0,0,PGSLLPNVLDYWTYPGSLTTPPLLESVTWIVLKEPISVSSQQMLKFRTLNFNAEGEPELLMLANWRPAQPLKNRQVRGFPK,212396.8,H665C425O116N109S2,5.0,1844.17149446677,0.9968,0.9968,0.0015,0.0375,16.0,1.0
y,9215.895705132973,9215.89295071871,179,259,0.2988765470516694,0,0,PGSLLPNVLDYWTYPGSLTTPPLLESVTWIVLKEPISVSSQQMLKFRTLNFNAEGEPELLMLANWRPAQPLKNRQVRGFPK,111303.81,H665C425O116N109S2,4.0,2304.9632889667696,0.9915,0.9915,0.0012,0.0563,16.0,2.0
bz+2,9239.896741745055,9239.92329027379,140,224,-2.873241248930197,0,0,AVVGVFLKVGDANPALQKVLDALDSIKTKGKSTDFPNFDPGSLLPNVLDYWTYPGSLTTPPLLESVTWIVLKEPISVSSQQMLKF,16149.69,H673C429O123N101S1,5.0,1848.97225646677,0.6088,0.8307,0.0084,0.3259,16.0,1.0
x,9241.903817350403,9241.87221527413,179,259,3.419445274383463,0,0,PGSLLPNVLDYWTYPGSLTTPPLLESVTWIVLKEPISVSSQQMLKFRTLNFNAEGEPELLMLANWRPAQPLKNRQVRGFPK,9087.52,H663C426O117N109S2,4.0,2311.4652664667697,0.8416,0.8606,0.007,0.2827,16.0,5.0
cy,9269.909975102972,9269.87231733009,147,230,4.062383125998766,0,0,KVGDANPALQKVLDALDSIKTKGKSTDFPNFDPGSLLPNVLDYWTYPGSLTTPPLLESVTWIVLKEPISVSSQQMLKFRTLNFN,7368.17,H667C427N103O125S1,4.0,2318.46675146677,0.8941,0.9011,0.0089,0.3116,16.0,9.0
a+1,9281.554385640215,9281.56462393647,1,83,-1.103078701786617,Ac,0,SHHWGYGKHNGPEHWHKDFPIANGERQSPVDIDTKAVVQDPALKPLALVYGEATSRRMVNNGHSFNVEYDDSQDKAVLKDGPL,13301.45,H621C412O125N120S1,5.0,1857.30372046677,0.326,0.7081,0.0022,0.4673,15.0,6.0
z+1,9314.890364833038,9314.9011696736,178,259,-1.159952249091931,0,0,DPGSLLPNVLDYWTYPGSLTTPPLLESVTWIVLKEPISVSSQQMLKFRTLNFNAEGEPELLMLANWRPAQPLKNRQVRGFPK,9180.1,H668C429O119N109S2,4.0,2329.71176146677,0.851,0.851,0.002,0.2843,16.0,6.0
y,9330.913359414504,9330.919893742539,178,259,-0.7002876575131229,0,0,DPGSLLPNVLDYWTYPGSLTTPPLLESVTWIVLKEPISVSSQQMLKFRTLNFNAEGEPELLMLANWRPAQPLKNRQVRGFPK,11592.01,H670C429O119N110S2,4.0,2333.7174789667697,0.9516,0.9516,0.0031,0.1773,16.0,7.0
y,9330.921299476238,9330.919893742539,178,259,0.15065328128045308,0,0,DPGSLLPNVLDYWTYPGSLTTPPLLESVTWIVLKEPISVSSQQMLKFRTLNFNAEGEPELLMLANWRPAQPLKNRQVRGFPK,20052.05,H670C429O119N110S2,5.0,1867.1770264667698,0.9483,0.9483,0.0022,0.1288,16.0,4.0
x+1,9357.910399321012,9357.90698333003,178,259,0.3650379287714207,0,0,DPGSLLPNVLDYWTYPGSLTTPPLLESVTWIVLKEPISVSSQQMLKFRTLNFNAEGEPELLMLANWRPAQPLKNRQVRGFPK,9205.48,H669C430O120N110S2,5.0,1872.57480446677,0.8271,0.8969,0.0049,0.2438,16.0,6.0
ay,9358.905797060395,9358.92652064758,131,218,-2.214312414810131,0,0,TAAQQPDGLAVVGVFLKVGDANPALQKVLDALDSIKTKGKSTDFPNFDPGSLLPNVLDYWTYPGSLTTPPLLESVTWIVLKEPISVSS,9612.36,H674C431O130N102,4.0,2340.7155339667697,0.8287,0.8687,0.0065,0.2281,16.0,5.0
y,9477.987522940763,9477.98830765553,177,259,-0.0827933884929882,0,0,FDPGSLLPNVLDYWTYPGSLTTPPLLESVTWIVLKEPISVSSQQMLKFRTLNFNAEGEPELLMLANWRPAQPLKNRQVRGFPK,10675.53,H679C438O120N111S2,5.0,1896.59004246677,0.8523,0.8651,0.0061,0.2711,16.0,6.0
y,9477.992462979173,9477.98830765553,177,259,0.43841831278179233,0,0,FDPGSLLPNVLDYWTYPGSLTTPPLLESVTWIVLKEPISVSSQQMLKFRTLNFNAEGEPELLMLANWRPAQPLKNRQVRGFPK,6332.18,H679C438O120N111S2,4.0,2370.48696896677,0.8502,0.8502,0.0019,0.3802,16.0,9.0
x+1,9504.97287275638,9504.97539724302,177,259,-0.26559633618647344,0,0,FDPGSLLPNVLDYWTYPGSLTTPPLLESVTWIVLKEPISVSSQQMLKFRTLNFNAEGEPELLMLANWRPAQPLKNRQVRGFPK,10061.43,H678C439O121N111S2,4.0,2377.23201896677,0.8852,0.8852,0.0029,0.3229,16.0,7.0
x+1,9504.97883280272,9504.97539724302,177,259,0.36144856313190366,0,0,FDPGSLLPNVLDYWTYPGSLTTPPLLESVTWIVLKEPISVSSQQMLKFRTLNFNAEGEPELLMLANWRPAQPLKNRQVRGFPK,9979.0,H678C439O121N111S2,5.0,1901.98826246677,0.7915,0.8321,0.0015,0.3462,16.0,7.0
z+1,9576.016555132912,9576.012511027731,176,259,0.4223161964257729,0,0,NFDPGSLLPNVLDYWTYPGSLTTPPLLESVTWIVLKEPISVSSQQMLKFRTLNFNAEGEPELLMLANWRPAQPLKNRQVRGFPK,6780.93,H683C442O122N112S2,5.0,1916.19569646677,0.4664,0.8398,0.004,0.3716,16.0,8.0
y,9592.017839545579,9592.03123509667,176,259,-1.3965291358597727,0,0,NFDPGSLLPNVLDYWTYPGSLTTPPLLESVTWIVLKEPISVSSQQMLKFRTLNFNAEGEPELLMLANWRPAQPLKNRQVRGFPK,9334.02,H685C442O122N113S2,4.0,2398.99309146677,0.8035,0.8111,0.0032,0.3458,16.0,6.0
y,9592.02752962092,9592.03123509667,176,259,-0.3863077235232201,0,0,NFDPGSLLPNVLDYWTYPGSLTTPPLLESVTWIVLKEPISVSSQQMLKFRTLNFNAEGEPELLMLANWRPAQPLKNRQVRGFPK,13407.86,H685C442O122N113S2,5.0,1919.3978664667702,0.889,0.9026,0.003,0.216,16.0,5.0
x+1,9619.020349494616,9619.01832468416,176,259,0.21050073794194243,0,0,NFDPGSLLPNVLDYWTYPGSLTTPPLLESVTWIVLKEPISVSSQQMLKFRTLNFNAEGEPELLMLANWRPAQPLKNRQVRGFPK,14229.5,H684C443O123N113S2,5.0,1924.79638846677,0.8275,0.9009,0.0031,0.2195,16.0,4.0
x+1,9619.026149539712,9619.01832468416,176,259,0.8134775594435861,0,0,NFDPGSLLPNVLDYWTYPGSLTTPPLLESVTWIVLKEPISVSSQQMLKFRTLNFNAEGEPELLMLANWRPAQPLKNRQVRGFPK,11766.76,H684C443O123N113S2,4.0,2405.7451164667696,0.9297,0.9297,0.0018,0.2077,16.0,6.0
ax,9644.072684280716,9644.070224759149,130,220,0.25502941288985964,0,0,GTAAQQPDGLAVVGVFLKVGDANPALQKVLDALDSIKTKGKSTDFPNFDPGSLLPNVLDYWTYPGSLTTPPLLESVTWIVLKEPISVSSQQ,8637.26,H693C442O134N107,5.0,1929.80681646677,0.7283,0.8186,0.002,0.2964,16.0,6.0
cy,9671.052274051546,9671.05952604642,154,240,-0.7498656020038087,0,0,ALQKVLDALDSIKTKGKSTDFPNFDPGSLLPNVLDYWTYPGSLTTPPLLESVTWIVLKEPISVSSQQMLKFRTLNFNAEGEPELLML,8641.86,H698C446O131N104S2,5.0,1935.20269246677,0.6778,0.8268,0.0036,0.3227,16.0,5.0
cy,9671.052274051546,9671.05952604642,155,241,-0.7498656020038087,0,0,LQKVLDALDSIKTKGKSTDFPNFDPGSLLPNVLDYWTYPGSLTTPPLLESVTWIVLKEPISVSSQQMLKFRTLNFNAEGEPELLMLA,8641.86,H698C446O131N104S2,5.0,1935.20269246677,0.6778,0.8268,0.0036,0.3227,16.0,5.0
cy,9671.055644077747,9671.05952604642,154,240,-0.4014005561620121,0,0,ALQKVLDALDSIKTKGKSTDFPNFDPGSLLPNVLDYWTYPGSLTTPPLLESVTWIVLKEPISVSSQQMLKFRTLNFNAEGEPELLML,9450.91,H698C446O131N104S2,4.0,2418.7523889667696,0.7659,0.8061,0.0032,0.3514,16.0,6.0
cy,9671.055644077747,9671.05952604642,155,241,-0.4014005561620121,0,0,LQKVLDALDSIKTKGKSTDFPNFDPGSLLPNVLDYWTYPGSLTTPPLLESVTWIVLKEPISVSSQQMLKFRTLNFNAEGEPELLMLA,9450.91,H698C446O131N104S2,4.0,2418.7523889667696,0.7659,0.8061,0.0032,0.3514,16.0,6.0
y-1,9688.069926366643,9688.07617391345,175,259,-0.6448697032744443,0,0,PNFDPGSLLPNVLDYWTYPGSLTTPPLLESVTWIVLKEPISVSSQQMLKFRTLNFNAEGEPELLMLANWRPAQPLKNRQVRGFPK,68933.38,H691C447O123N114S2,4.0,2423.00592646677,0.9942,0.9942,0.0022,0.0527,16.0,1.0
y-1,9688.074656403422,9688.07617391345,175,259,-0.156636880389906,0,0,PNFDPGSLLPNVLDYWTYPGSLTTPPLLESVTWIVLKEPISVSSQQMLKFRTLNFNAEGEPELLMLANWRPAQPLKNRQVRGFPK,114084.0,H691C447O123N114S2,5.0,1938.60714246677,0.9918,0.9918,0.0012,0.0599,16.0,1.0
bx,9690.079891994463,9690.09433133201,131,221,-1.4901132076733914,0,0,TAAQQPDGLAVVGVFLKVGDANPALQKVLDALDSIKTKGKSTDFPNFDPGSLLPNVLDYWTYPGSLTTPPLLESVTWIVLKEPISVSSQQM,13058.7,H699C444O133N107S1,6.0,1616.0080348001034,0.5629,0.6047,0.002,0.4547,16.0,3.0
cy,9709.064839605611,9709.067782231,151,238,-0.3030801159856194,0,0,ANPALQKVLDALDSIKTKGKSTDFPNFDPGSLLPNVLDYWTYPGSLTTPPLLESVTWIVLKEPISVSSQQMLKFRTLNFNAEGEPELL,11209.43,H696C447O133N106S1,5.0,1942.8051464667699,0.5006,0.8579,0.004,0.3237,16.0,0.0
bx,9717.074181879589,9717.055109372319,157,243,1.9627867759456878,0,0,KVLDALDSIKTKGKSTDFPNFDPGSLLPNVLDYWTYPGSLTTPPLLESVTWIVLKEPISVSSQQMLKFRTLNFNAEGEPELLMLANW,7563.86,H696C449N106O130S2,4.0,2430.25693396677,0.7075,0.7821,0.0054,0.4007,16.0,6.0
ax,9791.123357624336,9791.138638672139,129,220,-1.560701810782749,0,0,FGTAAQQPDGLAVVGVFLKVGDANPALQKVLDALDSIKTKGKSTDFPNFDPGSLLPNVLDYWTYPGSLTTPPLLESVTWIVLKEPISVSSQQ,6774.62,H702C451O135N108,4.0,2448.76908396677,0.8845,0.8966,0.0037,0.3462,16.0,9.0
cx,9792.13672550344,9792.12245425483,127,219,1.4574213789762775,0,0,GDFGTAAQQPDGLAVVGVFLKVGDANPALQKVLDALDSIKTKGKSTDFPNFDPGSLLPNVLDYWTYPGSLTTPPLLESVTWIVLKEPISVSSQ,24097.87,H701C451O136N107,5.0,1959.4193944667697,0.6858,0.8535,0.0025,0.265,16.0,4.0
ay,9819.127545361587,9819.133553291698,129,220,-0.6118594964081885,0,0,FGTAAQQPDGLAVVGVFLKVGDANPALQKVLDALDSIKTKGKSTDFPNFDPGSLLPNVLDYWTYPGSLTTPPLLESVTWIVLKEPISVSSQQ,7060.32,H702C452O136N108,5.0,1964.81751646677,0.6394,0.8577,0.0029,0.3274,16.0,7.0
bx,9821.122560873167,9821.126257680322,168,254,-0.37641376940780247,0,0,KGKSTDFPNFDPGSLLPNVLDYWTYPGSLTTPPLLESVTWIVLKEPISVSSQQMLKFRTLNFNAEGEPELLMLANWRPAQPLKNRQV,5802.94,H700C452N114O127S2,4.0,2456.26882646677,0.7912,0.8525,0.0023,0.4141,16.0,9.0
y-1,9835.144709897724,9835.14458782644,174,259,0.012411742679557206,0,0,FPNFDPGSLLPNVLDYWTYPGSLTTPPLLESVTWIVLKEPISVSSQQMLKFRTLNFNAEGEPELLMLANWRPAQPLKNRQVRGFPK,12496.35,H700C456O124N115S2,6.0,1640.18531646677,0.716,0.7519,0.0014,0.4374,16.0,4.0
y,9836.151327724347,9836.15241285851,174,259,-0.11032099926169396,0,0,FPNFDPGSLLPNVLDYWTYPGSLTTPPLLESVTWIVLKEPISVSSQQMLKFRTLNFNAEGEPELLMLANWRPAQPLKNRQVRGFPK,45517.31,H701C456O124N115S2,5.0,1968.2222464667702,0.9839,0.9839,0.0029,0.0942,16.0,4.0
ax,9837.148795479825,9837.11309263064,121,211,3.6294031439034127,0,0,HWNTKYGDFGTAAQQPDGLAVVGVFLKVGDANPALQKVLDALDSIKTKGKSTDFPNFDPGSLLPNVLDYWTYPGSLTTPPLLESVTWIVLK,18234.29,H696C457N110O132,4.0,2460.2753539667697,0.9615,0.9615,0.0082,0.1369,16.0,5.0
a+1,9859.846761960316,9859.84588415001,1,88,0.08902880591889253,Ac,0,SHHWGYGKHNGPEHWHKDFPIANGERQSPVDIDTKAVVQDPALKPLALVYGEATSRRMVNNGHSFNVEYDDSQDKAVLKDGPLTGTYR,8363.38,H659C437O133N128S1,6.0,1644.3022931334367,0.2146,0.8998,0.0018,0.2448,16.0,7.0
x+1,9863.149597640419,9863.139502446,174,259,1.023527490022648,0,0,FPNFDPGSLLPNVLDYWTYPGSLTTPPLLESVTWIVLKEPISVSSQQMLKFRTLNFNAEGEPELLMLANWRPAQPLKNRQVRGFPK,8993.73,H700C457O125N115S2,5.0,1973.6218584667702,0.882,0.8943,0.0075,0.2642,16.0,7.0
a+1,9972.930391204478,9972.929948127141,1,89,0.04442800052464996,Ac,0,SHHWGYGKHNGPEHWHKDFPIANGERQSPVDIDTKAVVQDPALKPLALVYGEATSRRMVNNGHSFNVEYDDSQDKAVLKDGPLTGTYRL,8690.56,H670C443O134N129S1,6.0,1663.1494181334365,0.9346,0.9346,0.0022,0.2568,16.0,6.0
ay,9991.206853307032,9991.181960036098,127,220,2.4915241293970394,0,0,GDFGTAAQQPDGLAVVGVFLKVGDANPALQKVLDALDSIKTKGKSTDFPNFDPGSLLPNVLDYWTYPGSLTTPPLLESVTWIVLKEPISVSSQQ,11624.45,H710C458O140N110,5.0,1999.23311046677,0.6656,0.8625,0.0076,0.2195,16.0,3.0
cx,10008.235355706493,10008.24690108899,164,252,-1.1535868981251447,0,0,SIKTKGKSTDFPNFDPGSLLPNVLDYWTYPGSLTTPPLLESVTWIVLKEPISVSSQQMLKFRTLNFNAEGEPELLMLANWRPAQPLKNR,3560.69,H717C461O130N115S2,8.0,1252.02696896677,-0.1964,0.4569,0.0024,0.6041,17.0,7.0
cx,10035.20267538192,10035.199416219259,108,200,0.32477308375180913,0,0,VDRKKYAAELHLVHWNTKYGDFGTAAQQPDGLAVVGVFLKVGDANPALQKVLDALDSIKTKGKSTDFPNFDPGSLLPNVLDYWTYPGSLTTPP,10687.86,H706C463O134N116,4.0,2509.7884389667697,0.9476,0.9476,0.0013,0.2114,16.0,7.0
bx,10039.893771855981,10039.886114425832,61,151,0.7627008973999188,0,0,NGHSFNVEYDDSQDKAVLKDGPLTGTYRLVQFHFHWGSSDDQGSEHTVDRKKYAAELHLVHWNTKYGDFGTAAQQPDGLAVVGVFLKVGDA,4880.51,H665C451O138N125,8.0,1255.98424021677,0.5027,0.682,0.0006,0.5715,16.0,10.0
bx,10039.893771855981,10039.886114425832,62,152,0.7627008973999188,0,0,GHSFNVEYDDSQDKAVLKDGPLTGTYRLVQFHFHWGSSDDQGSEHTVDRKKYAAELHLVHWNTKYGDFGTAAQQPDGLAVVGVFLKVGDAN,4880.51,H665C451O138N125,8.0,1255.98424021677,0.5027,0.682,0.0006,0.5715,16.0,10.0
a,10070.983083580588,10070.990537008061,1,90,-0.7400888171032634,Ac,0,SHHWGYGKHNGPEHWHKDFPIANGERQSPVDIDTKAVVQDPALKPLALVYGEATSRRMVNNGHSFNVEYDDSQDKAVLKDGPLTGTYRLV,9753.68,H678C448O135N130S1,6.0,1679.49140646677,0.9515,0.9515,0.001,0.2037,16.0,7.0
az+2,10073.27732141867,10073.25368550772,144,234,2.3464028296314248,0,0,VFLKVGDANPALQKVLDALDSIKTKGKSTDFPNFDPGSLLPNVLDYWTYPGSLTTPPLLESVTWIVLKEPISVSSQQMLKFRTLNFNAEGE,4632.66,H720C463O137N112S1,8.0,1260.15715146677,-0.0349,0.5996,0.0027,0.5819,16.0,8.0
az+2,10105.21375972983,10105.24956070048,168,256,-3.5428091543457643,0,0,KGKSTDFPNFDPGSLLPNVLDYWTYPGSLTTPPLLESVTWIVLKEPISVSSQQMLKFRTLNFNAEGEPELLMLANWRPAQPLKNRQVRG,9334.33,H716C462N120O131S2,5.0,2022.0343144667702,0.5785,0.7335,0.0092,0.3951,17.0,7.0
y,10139.263684473697,10139.25906275502,171,259,0.45582410397978423,0,0,STDFPNFDPGSLLPNVLDYWTYPGSLTTPPLLESVTWIVLKEPISVSSQQMLKFRTLNFNAEGEPELLMLANWRPAQPLKNRQVRGFPK,4793.03,H718C467O131N118S2,5.0,2028.8442464667698,0.5318,0.7787,0.007,0.4485,17.0,9.0
a+1,10200.06303719885,10200.056939545411,1,91,0.5978058235205009,Ac,0,SHHWGYGKHNGPEHWHKDFPIANGERQSPVDIDTKAVVQDPALKPLALVYGEATSRRMVNNGHSFNVEYDDSQDKAVLKDGPLTGTYRLVQ,5683.26,H687C453O137N132S1,6.0,1701.0045648001033,0.7374,0.7728,0.0039,0.4797,16.0,8.0
y,10324.391393872653,10324.375489489592,169,259,1.5404692590882112,0,0,GKSTDFPNFDPGSLLPNVLDYWTYPGSLTTPPLLESVTWIVLKEPISVSSQQMLKFRTLNFNAEGEPELLMLANWRPAQPLKNRQVRGFPK,9657.13,H733C475O133N121S2,6.0,1721.7257964667701,0.4845,0.6618,0.0058,0.4019,17.0,4.0
a,10346.11522277906,10346.117528426332,1,92,-0.2228514478645696,Ac,0,SHHWGYGKHNGPEHWHKDFPIANGERQSPVDIDTKAVVQDPALKPLALVYGEATSRRMVNNGHSFNVEYDDSQDKAVLKDGPLTGTYRLVQF,17497.39,H695C462O138N133S1,6.0,1725.34640646677,0.9413,0.9413,0.0013,0.2074,17.0,6.0
ay,10390.126094970965,10390.127801243169,68,161,-0.16422052127092204,0,0,EYDDSQDKAVLKDGPLTGTYRLVQFHFHWGSSDDQGSEHTVDRKKYAAELHLVHWNTKYGDFGTAAQQPDGLAVVGVFLKVGDANPALQKVLDA,7326.92,H699C467O144N127,6.0,1732.6814948001033,0.6856,0.7626,0.0096,0.4506,16.0,8.0
cy,10491.474282970104,10491.480014127781,162,254,-0.5462677971884452,0,0,LDSIKTKGKSTDFPNFDPGSLLPNVLDYWTYPGSLTTPPLLESVTWIVLKEPISVSSQQMLKFRTLNFNAEGEPELLMLANWRPAQPLKNRQV,9681.78,H750C482O138N120S2,6.0,1749.5727281334366,0.1058,0.6515,0.0034,0.4487,17.0,5.0
bz+2,10536.49266299555,10536.490244458311,152,245,0.22953917124600365,0,0,NPALQKVLDALDSIKTKGKSTDFPNFDPGSLLPNVLDYWTYPGSLTTPPLLESVTWIVLKEPISVSSQQMLKFRTLNFNAEGEPELLMLANWRP,13045.59,H753C484O140N119S2,5.0,2108.2894244667696,0.8348,0.8994,0.0036,0.2502,17.0,8.0
bz+2,10536.4948430125,10536.490244458311,152,245,0.43644079598836855,0,0,NPALQKVLDALDSIKTKGKSTDFPNFDPGSLLPNVLDYWTYPGSLTTPPLLESVTWIVLKEPISVSSQQMLKFRTLNFNAEGEPELLMLANWRP,28077.48,H753C484O140N119S2,6.0,1757.0760964667702,0.9778,0.9778,0.0021,0.1116,17.0,4.0
cx,10676.261389720814,10676.245424960069,61,157,1.4953534795919428,0,0,NGHSFNVEYDDSQDKAVLKDGPLTGTYRLVQFHFHWGSSDDQGSEHTVDRKKYAAELHLVHWNTKYGDFGTAAQQPDGLAVVGVFLKVGDANPALQK,8771.05,H713C480O146N133,6.0,1780.3703398001032,0.1492,0.8205,0.0034,0.2999,17.0,5.0
bx,10748.674002741012,10748.67910785715,155,250,-0.47495288360313714,0,0,LQKVLDALDSIKTKGKSTDFPNFDPGSLLPNVLDYWTYPGSLTTPPLLESVTWIVLKEPISVSSQQMLKFRTLNFNAEGEPELLMLANWRPAQPLK,3012.86,H777C496O141N121S2,6.0,1792.4390148001035,0.1682,0.5774,0.0053,0.5185,17.0,6.0
y,10794.679860444263,10794.69715796313,165,259,-1.6024089063298317,0,0,IKTKGKSTDFPNFDPGSLLPNVLDYWTYPGSLTTPPLLESVTWIVLKEPISVSSQQMLKFRTLNFNAEGEPELLMLANWRPAQPLKNRQVRGFPK,3759.37,H775C497O138N127S2,6.0,1800.1065981334366,0.5166,0.6842,0.0034,0.5648,17.0,11.0
bz+2,10811.633072258326,10811.631622987421,114,213,0.13404738116119463,0,0,AAELHLVHWNTKYGDFGTAAQQPDGLAVVGVFLKVGDANPALQKVLDALDSIKTKGKSTDFPNFDPGSLLPNVLDYWTYPGSLTTPPLLESVTWIVLKEP,3755.02,H766C501O145N122,8.0,1352.45090271677,0.2693,0.7035,0.0111,0.5315,17.0,10.0
x,10820.712352851253,10820.67642251855,165,259,3.32052556598874,0,0,IKTKGKSTDFPNFDPGSLLPNVLDYWTYPGSLTTPPLLESVTWIVLKEPISVSSQQMLKFRTLNFNAEGEPELLMLANWRPAQPLKNRQVRGFPK,13118.31,H773C498O139N127S2,6.0,1804.4453131334367,0.393,0.6643,0.0047,0.4588,17.0,5.0
cx,10847.69609265435,10847.71093626142,155,251,-1.3683630727035005,0,0,LQKVLDALDSIKTKGKSTDFPNFDPGSLLPNVLDYWTYPGSLTTPPLLESVTWIVLKEPISVSSQQMLKFRTLNFNAEGEPELLMLANWRPAQPLKN,7457.65,H782C500O143N122S2,6.0,1808.9425681334367,0.684,0.7785,0.0039,0.3527,17.0,6.0
y,10881.727437253756,10881.7291863674,164,259,-0.16073857510631137,0,0,SIKTKGKSTDFPNFDPGSLLPNVLDYWTYPGSLTTPPLLESVTWIVLKEPISVSSQQMLKFRTLNFNAEGEPELLMLANWRPAQPLKNRQVRGFPK,24112.52,H780C500O140N128S2,6.0,1814.6144148001035,0.5107,0.8357,0.0043,0.2784,17.0,3.0
x+1,10908.722107141835,10908.71627595489,164,259,0.5345438269458538,0,0,SIKTKGKSTDFPNFDPGSLLPNVLDYWTYPGSLTTPPLLESVTWIVLKEPISVSSQQMLKFRTLNFNAEGEPELLMLANWRPAQPLKNRQVRGFPK,10583.25,H779C501O141N128S2,6.0,1819.11349146677,0.816,0.8284,0.0028,0.3145,17.0,4.0
cx,10997.764669462675,10997.757017423359,116,217,0.6957818129413849,0,0,ELHLVHWNTKYGDFGTAAQQPDGLAVVGVFLKVGDANPALQKVLDALDSIKTKGKSTDFPNFDPGSLLPNVLDYWTYPGSLTTPPLLESVTWIVLKEPISVS,7473.2,H784C511O148N122,6.0,1833.9538031334366,0.4046,0.7121,0.0057,0.4452,17.0,6.0
x+1,11023.755061542326,11023.743218978721,163,259,1.0742778899522167,0,0,DSIKTKGKSTDFPNFDPGSLLPNVLDYWTYPGSLTTPPLLESVTWIVLKEPISVSSQQMLKFRTLNFNAEGEPELLMLANWRPAQPLKNRQVRGFPK,10815.46,H784C505O144N129S2,6.0,1838.28550146677,0.9099,0.9099,0.0069,0.227,17.0,5.0
y,11109.798400543703,11109.840193368362,162,259,-3.76178450197587,0,0,LDSIKTKGKSTDFPNFDPGSLLPNVLDYWTYPGSLTTPPLLESVTWIVLKEPISVSSQQMLKFRTLNFNAEGEPELLMLANWRPAQPLKNRQVRGFPK,7269.13,H796C510O144N130S2,6.0,1852.62594646677,0.4574,0.6231,0.0053,0.4374,18.0,6.0
y,11180.871443148513,11180.87730715307,161,259,-0.5244673021743238,0,0,ALDSIKTKGKSTDFPNFDPGSLLPNVLDYWTYPGSLTTPPLLESVTWIVLKEPISVSSQQMLKFRTLNFNAEGEPELLMLANWRPAQPLKNRQVRGFPK,18568.04,H801C513O145N131S2,6.0,1864.4713614667698,0.7986,0.8383,0.0032,0.2612,18.0,5.0
bz+2,11181.898381133129,11181.885137441759,141,242,1.184388071172544,0,0,VVGVFLKVGDANPALQKVLDALDSIKTKGKSTDFPNFDPGSLLPNVLDYWTYPGSLTTPPLLESVTWIVLKEPISVSSQQMLKFRTLNFNAEGEPELLMLAN,5302.0,H808C514O150N124S2,5.0,2237.3695644667696,0.6184,0.7328,0.0077,0.4654,18.0,9.0
x+1,11207.875103106493,11207.86439674056,161,259,0.9552547705346779,0,0,ALDSIKTKGKSTDFPNFDPGSLLPNVLDYWTYPGSLTTPPLLESVTWIVLKEPISVSSQQMLKFRTLNFNAEGEPELLMLANWRPAQPLKNRQVRGFPK,9904.31,H800C514O146N131S2,6.0,1868.9719364667699,0.5319,0.7935,0.0066,0.3702,18.0,7.0
z+1,11279.900093112856,11279.885526107963,160,259,1.2914142488002545,0,0,DALDSIKTKGKSTDFPNFDPGSLLPNVLDYWTYPGSLTTPPLLESVTWIVLKEPISVSSQQMLKFRTLNFNAEGEPELLMLANWRPAQPLKNRQVRGFPK,6925.87,H804C517O148N131S2,6.0,1880.9760081334366,0.9515,0.9515,0.0027,0.2393,18.0,9.0
bz+2,11436.997634572559,11436.99714750223,144,246,0.042587256293191364,0,0,VFLKVGDANPALQKVLDALDSIKTKGKSTDFPNFDPGSLLPNVLDYWTYPGSLTTPPLLESVTWIVLKEPISVSSQQMLKFRTLNFNAEGEPELLMLANWRPA,13450.87,H821C527O151N129S2,6.0,1907.1587281334366,0.3792,0.6269,0.0026,0.3818,17.0,3.0
bx,11447.999200111575,11448.004400627302,132,237,-0.4542726876022927,0,0,AAQQPDGLAVVGVFLKVGDANPALQKVLDALDSIKTKGKSTDFPNFDPGSLLPNVLDYWTYPGSLTTPPLLESVTWIVLKEPISVSSQQMLKFRTLNFNAEGEPEL,14019.58,H822C525O156N128S1,6.0,1908.9923081334368,0.6295,0.7155,0.0064,0.3693,18.0,4.0
z+1,11492.053812643566,11492.038003998081,158,259,1.3756172298914542,0,0,VLDALDSIKTKGKSTDFPNFDPGSLLPNVLDYWTYPGSLTTPPLLESVTWIVLKEPISVSSQQMLKFRTLNFNAEGEPELLMLANWRPAQPLKNRQVRGFPK,10492.14,H824C528O150N133S2,6.0,1916.3346864667699,0.3134,0.6685,0.0028,0.4894,17.0,5.0
y-1,11507.0576993013,11507.04890303495,158,259,0.7644241736833376,0,0,VLDALDSIKTKGKSTDFPNFDPGSLLPNVLDYWTYPGSLTTPPLLESVTWIVLKEPISVSSQQMLKFRTLNFNAEGEPELLMLANWRPAQPLKNRQVRGFPK,8970.71,H825C528O150N134S2,6.0,1918.8353148001033,0.2215,0.6264,0.0044,0.4958,17.0,7.0
bz+2,11536.051244730972,11536.06287607662,156,257,-1.0082595572119093,0,0,QKVLDALDSIKTKGKSTDFPNFDPGSLLPNVLDYWTYPGSLTTPPLLESVTWIVLKEPISVSSQQMLKFRTLNFNAEGEPELLMLANWRPAQPLKNRQVRGF,11204.08,H826C528O150N136S2,6.0,1923.6675348001033,0.4437,0.7319,0.0035,0.417,17.0,6.0
cy,11619.129250676386,11619.12514198001,155,257,0.3536149516782049,0,0,LQKVLDALDSIKTKGKSTDFPNFDPGSLLPNVLDYWTYPGSLTTPPLLESVTWIVLKEPISVSSQQMLKFRTLNFNAEGEPELLMLANWRPAQPLKNRQVRGF,15555.96,H835C534O151N135S2,6.0,1937.51376146677,-0.104,0.7026,0.0079,0.3823,17.0,4.0
cx,11637.14856077954,11637.10966875535,119,225,3.34206906151535,0,0,LVHWNTKYGDFGTAAQQPDGLAVVGVFLKVGDANPALQKVLDALDSIKTKGKSTDFPNFDPGSLLPNVLDYWTYPGSLTTPPLLESVTWIVLKEPISVSSQQMLKFR,14579.13,H833C539O154N131S1,6.0,1940.5169564667701,0.6695,0.8139,0.0063,0.3256,17.0,5.0
cy,11642.7031239672,11642.704926188571,46,150,-0.15479404340451494,0,0,LALVYGEATSRRMVNNGHSFNVEYDDSQDKAVLKDGPLTGTYRLVQFHFHWGSSDDQGSEHTVDRKKYAAELHLVHWNTKYGDFGTAAQQPDGLAVVGVFLKVGD,2924.23,H779C521O159N145S1,11.0,1059.4266037394973,0.7068,0.8304,0.0045,0.56,18.0,15.0
bz+2,11664.152030736042,11664.097649389141,133,239,4.662284947867985,0,0,AQQPDGLAVVGVFLKVGDANPALQKVLDALDSIKTKGKSTDFPNFDPGSLLPNVLDYWTYPGSLTTPPLLESVTWIVLKEPISVSSQQMLKFRTLNFNAEGEPELLM,13931.94,H838C534O158N130S2,6.0,1945.0174998001035,0.602,0.7363,0.0085,0.3837,17.0,4.0
ax,11691.166280776362,11691.133700544691,134,240,2.7867469918313112,0,0,QQPDGLAVVGVFLKVGDANPALQKVLDALDSIKTKGKSTDFPNFDPGSLLPNVLDYWTYPGSLTTPPLLESVTWIVLKEPISVSSQQMLKFRTLNFNAEGEPELLML,8452.96,H843C537O158N129S2,6.0,1949.5198398001035,0.2927,0.6063,0.0071,0.4524,17.0,3.0
bx,11703.196444312898,11703.193890246172,155,258,0.21823672670392033,0,0,LQKVLDALDSIKTKGKSTDFPNFDPGSLLPNVLDYWTYPGSLTTPPLLESVTWIVLKEPISVSSQQMLKFRTLNFNAEGEPELLMLANWRPAQPLKNRQVRGFP,7332.62,H843C538O151N137S2,6.0,1951.5248514667699,0.5526,0.7145,0.0035,0.4279,17.0,6.0
z+1,11748.163403938544,11748.191544517362,156,259,-2.395311543116729,0,0,QKVLDALDSIKTKGKSTDFPNFDPGSLLPNVLDYWTYPGSLTTPPLLESVTWIVLKEPISVSSQQMLKFRTLNFNAEGEPELLMLANWRPAQPLKNRQVRGFPK,22853.64,H844C539O153N137S2,6.0,1959.0192864667702,0.357,0.5739,0.0051,0.4744,17.0,1.0
x+1,11791.201378566007,11791.197358173791,156,259,0.3409655605055957,0,0,QKVLDALDSIKTKGKSTDFPNFDPGSLLPNVLDYWTYPGSLTTPPLLESVTWIVLKEPISVSSQQMLKFRTLNFNAEGEPELLMLANWRPAQPLKNRQVRGFPK,11620.82,H845C540O154N138S2,6.0,1966.19222646677,0.7443,0.8386,0.0036,0.2698,17.0,5.0
ay,11828.244616583386,11828.197103536619,107,214,4.0169305898154395,0,0,TVDRKKYAAELHLVHWNTKYGDFGTAAQQPDGLAVVGVFLKVGDANPALQKVLDALDSIKTKGKSTDFPNFDPGSLLPNVLDYWTYPGSLTTPPLLESVTWIVLKEPI,3286.54,H842C548O158N134,6.0,1972.36605146677,-0.0342,0.4346,0.0073,0.5561,17.0,6.0
z+1,11861.27842342677,11861.275608494492,155,259,0.2373212097876976,0,0,LQKVLDALDSIKTKGKSTDFPNFDPGSLLPNVLDYWTYPGSLTTPPLLESVTWIVLKEPISVSSQQMLKFRTLNFNAEGEPELLMLANWRPAQPLKNRQVRGFPK,12878.5,H855C545O154N138S2,6.0,1977.8716431334367,0.7794,0.7816,0.0015,0.3242,17.0,2.0
y,11877.28671789394,11877.294332563431,155,259,-0.6411114584412859,0,0,LQKVLDALDSIKTKGKSTDFPNFDPGSLLPNVLDYWTYPGSLTTPPLLESVTWIVLKEPISVSSQQMLKFRTLNFNAEGEPELLMLANWRPAQPLKNRQVRGFPK,12478.8,H857C545O154N139S2,6.0,1980.53967146677,0.4061,0.7754,0.0066,0.31,17.0,1.0
bx,11888.285433410796,11888.276616810623,142,249,0.7416213852929032,0,0,VGVFLKVGDANPALQKVLDALDSIKTKGKSTDFPNFDPGSLLPNVLDYWTYPGSLTTPPLLESVTWIVLKEPISVSSQQMLKFRTLNFNAEGEPELLMLANWRPAQPL,13358.99,H858C549O156N134S2,6.0,1982.37277646677,0.4441,0.6451,0.0042,0.4448,17.0,3.0
x+1,11904.287097826418,11904.281422150922,155,259,0.4767759846506568,0,0,LQKVLDALDSIKTKGKSTDFPNFDPGSLLPNVLDYWTYPGSLTTPPLLESVTWIVLKEPISVSSQQMLKFRTLNFNAEGEPELLMLANWRPAQPLKNRQVRGFPK,14745.17,H856C546O155N139S2,6.0,1985.0396998001033,0.7601,0.799,0.0022,0.293,17.0,1.0
z+1,11932.308825700047,11932.3127222792,154,259,-0.3265569084847838,0,0,ALQKVLDALDSIKTKGKSTDFPNFDPGSLLPNVLDYWTYPGSLTTPPLLESVTWIVLKEPISVSSQQMLKFRTLNFNAEGEPELLMLANWRPAQPLKNRQVRGFPK,22077.65,H860C548O155N139S2,6.0,1989.7099514667702,0.8868,0.8868,0.0055,0.2255,17.0,1.0
y-1,11947.321852428844,11947.32362131607,154,259,-0.14805719530030975,0,0,ALQKVLDALDSIKTKGKSTDFPNFDPGSLLPNVLDYWTYPGSLTTPPLLESVTWIVLKEPISVSSQQMLKFRTLNFNAEGEPELLMLANWRPAQPLKNRQVRGFPK,12425.47,H861C548O155N140S2,6.0,1992.2121031334368,0.6411,0.7613,0.0049,0.3213,17.0,1.0
x+1,11975.3108900483,11975.31853593563,154,259,-0.638470476343154,0,0,ALQKVLDALDSIKTKGKSTDFPNFDPGSLLPNVLDYWTYPGSLTTPPLLESVTWIVLKEPISVSSQQMLKFRTLNFNAEGEPELLMLANWRPAQPLKNRQVRGFPK,25908.68,H861C549O156N140S2,6.0,1996.8769064667702,0.9348,0.9348,0.0019,0.1805,17.0,1.0
cy,12000.349424727101,12000.3290463063,141,249,1.6981551690782961,0,0,VVGVFLKVGDANPALQKVLDALDSIKTKGKSTDFPNFDPGSLLPNVLDYWTYPGSLTTPPLLESVTWIVLKEPISVSSQQMLKFRTLNFNAEGEPELLMLANWRPAQPL,11946.88,H866C555O158N134S2,6.0,2001.0499631334367,0.7694,0.865,0.0057,0.2533,17.0,3.0
bz+2,12027.34571462778,12027.29685174457,149,256,4.062665436154239,0,0,GDANPALQKVLDALDSIKTKGKSTDFPNFDPGSLLPNVLDYWTYPGSLTTPPLLESVTWIVLKEPISVSSQQMLKFRTLNFNAEGEPELLMLANWRPAQPLKNRQVRG,12873.81,H859C546O159N143S2,6.0,2005.5493098001034,0.6766,0.8015,0.0094,0.3223,17.0,1.0
y-1,12044.373097018528,12044.37638516492,153,259,-0.2730026268691888,0,0,PALQKVLDALDSIKTKGKSTDFPNFDPGSLLPNVLDYWTYPGSLTTPPLLESVTWIVLKEPISVSSQQMLKFRTLNFNAEGEPELLMLANWRPAQPLKNRQVRGFPK,136352.08,H868C553O156N141S2,6.0,2008.3871848001033,0.9318,0.9318,0.0015,0.1918,17.0,0.0
y-1,12044.385867117817,12044.37638516492,153,259,0.7872514602273699,0,0,PALQKVLDALDSIKTKGKSTDFPNFDPGSLLPNVLDYWTYPGSLTTPPLLESVTWIVLKEPISVSSQQMLKFRTLNFNAEGEPELLMLANWRPAQPLKNRQVRGFPK,9204.18,H868C553O156N141S2,5.0,2409.8657204667697,0.8159,0.8261,0.0067,0.402,17.0,7.0
bz+2,12099.392164800998,12099.36962276201,151,258,1.8630754900175952,0,0,ANPALQKVLDALDSIKTKGKSTDFPNFDPGSLLPNVLDYWTYPGSLTTPPLLESVTWIVLKEPISVSSQQMLKFRTLNFNAEGEPELLMLANWRPAQPLKNRQVRGFP,10422.59,H867C554O157N143S2,6.0,2017.5569581334366,0.7884,0.8454,0.0054,0.3005,17.0,3.0
z+1,12143.405597012807,12143.408413569192,152,259,-0.2319411724818368,0,0,NPALQKVLDALDSIKTKGKSTDFPNFDPGSLLPNVLDYWTYPGSLTTPPLLESVTWIVLKEPISVSSQQMLKFRTLNFNAEGEPELLMLANWRPAQPLKNRQVRGFPK,19023.91,H873C557O158N142S2,6.0,2024.8924731334369,0.9165,0.9165,0.0026,0.2089,18.0,4.0
y,12159.425151567528,12159.427137638131,152,259,-0.16333586943680706,0,0,NPALQKVLDALDSIKTKGKSTDFPNFDPGSLLPNVLDYWTYPGSLTTPPLLESVTWIVLKEPISVSSQQMLKFRTLNFNAEGEPELLMLANWRPAQPLKNRQVRGFPK,14895.16,H875C557O158N143S2,6.0,2027.5623781334368,0.8602,0.8602,0.0055,0.2418,18.0,1.0
x+1,12186.413731408256,12186.414227225621,152,259,-0.04068607513996554,0,0,NPALQKVLDALDSIKTKGKSTDFPNFDPGSLLPNVLDYWTYPGSLTTPPLLESVTWIVLKEPISVSSQQMLKFRTLNFNAEGEPELLMLANWRPAQPLKNRQVRGFPK,18206.35,H874C558O159N143S2,6.0,2032.0604398001033,0.9104,0.9104,0.0013,0.2155,18.0,5.0
cx,12213.435561507511,12213.401116813111,149,258,2.8202377102469294,0,0,GDANPALQKVLDALDSIKTKGKSTDFPNFDPGSLLPNVLDYWTYPGSLTTPPLLESVTWIVLKEPISVSSQQMLKFRTLNFNAEGEPELLMLANWRPAQPLKNRQVRGFP,13297.47,H873C559O160N143S2,6.0,2036.5640431334366,0.8359,0.8597,0.0058,0.2924,18.0,7.0
y,12230.456333846869,12230.46425142284,151,259,-0.6473651210874353,0,0,ANPALQKVLDALDSIKTKGKSTDFPNFDPGSLLPNVLDYWTYPGSLTTPPLLESVTWIVLKEPISVSSQQMLKFRTLNFNAEGEPELLMLANWRPAQPLKNRQVRGFPK,17756.79,H880C560O159N144S2,6.0,2039.40081646677,0.8723,0.8749,0.003,0.2499,18.0,5.0
x,12256.454965990588,12256.44351597826,151,259,0.9342034916027824,0,0,ANPALQKVLDALDSIKTKGKSTDFPNFDPGSLLPNVLDYWTYPGSLTTPPLLESVTWIVLKEPISVSSQQMLKFRTLNFNAEGEPELLMLANWRPAQPLKNRQVRGFPK,15899.11,H878C561O160N144S2,6.0,2043.7338881334367,0.7683,0.7846,0.0018,0.365,18.0,5.0
ay,12284.47886388109,12284.477501445139,138,249,0.11090711433477692,0,0,GLAVVGVFLKVGDANPALQKVLDALDSIKTKGKSTDFPNFDPGSLLPNVLDYWTYPGSLTTPPLLESVTWIVLKEPISVSSQQMLKFRTLNFNAEGEPELLMLANWRPAQPL,13351.55,H886C567O162N138S2,6.0,2048.40450146677,0.6367,0.7684,0.0015,0.3706,18.0,7.0
az+2,12299.483450544263,12299.488400482009,138,249,-0.4024507023687611,0,0,GLAVVGVFLKVGDANPALQKVLDALDSIKTKGKSTDFPNFDPGSLLPNVLDYWTYPGSLTTPPLLESVTWIVLKEPISVSSQQMLKFRTLNFNAEGEPELLMLANWRPAQPL,8576.35,H887C567O162N139S2,6.0,2050.9052464667698,0.4697,0.6867,0.0032,0.4257,18.0,7.0
y-1,12344.492060493747,12344.483369414602,150,259,0.7040455955144184,0,0,DANPALQKVLDALDSIKTKGKSTDFPNFDPGSLLPNVLDYWTYPGSLTTPPLLESVTWIVLKEPISVSSQQMLKFRTLNFNAEGEPELLMLANWRPAQPLKNRQVRGFPK,17877.39,H884C564O162N145S2,6.0,2058.4066231334364,0.7401,0.8154,0.0013,0.3265,18.0,5.0
x,12371.480260331522,12371.470459002092,150,259,0.7922525832743883,0,0,DANPALQKVLDALDSIKTKGKSTDFPNFDPGSLLPNVLDYWTYPGSLTTPPLLESVTWIVLKEPISVSSQQMLKFRTLNFNAEGEPELLMLANWRPAQPLKNRQVRGFPK,9155.47,H883C565O163N145S2,6.0,2062.9046214667696,0.4446,0.6167,0.0036,0.438,18.0,4.0
ax,12385.49114926853,12385.547646693632,144,254,-4.561560515084999,0,0,VFLKVGDANPALQKVLDALDSIKTKGKSTDFPNFDPGSLLPNVLDYWTYPGSLTTPPLLESVTWIVLKEPISVSSQQMLKFRTLNFNAEGEPELLMLANWRPAQPLKNRQV,16569.76,H893C569O162N143S2,6.0,2065.23975146677,0.738,0.8343,0.0103,0.2622,18.0,5.0
y,12402.509651590237,12402.512658167241,149,259,-0.24241676562944023,0,0,GDANPALQKVLDALDSIKTKGKSTDFPNFDPGSLLPNVLDYWTYPGSLTTPPLLESVTWIVLKEPISVSSQQMLKFRTLNFNAEGEPELLMLANWRPAQPLKNRQVRGFPK,13604.5,H888C566O163N146S2,6.0,2068.07614646677,0.8016,0.86,0.0022,0.2832,18.0,5.0
bz+2,12440.506277020364,12440.49507644346,106,219,0.9003320877027257,0,0,HTVDRKKYAAELHLVHWNTKYGDFGTAAQQPDGLAVVGVFLKVGDANPALQKVLDALDSIKTKGKSTDFPNFDPGSLLPNVLDYWTYPGSLTTPPLLESVTWIVLKEPISVSSQ,15630.81,H882C572N144O167,6.0,2074.4088681334365,0.7174,0.7268,0.0029,0.3898,17.0,3.0
x+1,12528.558261639295,12528.56816166772,148,259,-0.7901963174645885,0,0,VGDANPALQKVLDALDSIKTKGKSTDFPNFDPGSLLPNVLDYWTYPGSLTTPPLLESVTWIVLKEPISVSSQQMLKFRTLNFNAEGEPELLMLANWRPAQPLKNRQVRGFPK,15917.9,H896C572O165N147S2,6.0,2089.084084800103,0.6551,0.7621,0.0013,0.4045,18.0,6.0
cx,12569.656191182583,12569.668624455471,140,253,-0.9891488200501779,0,0,AVVGVFLKVGDANPALQKVLDALDSIKTKGKSTDFPNFDPGSLLPNVLDYWTYPGSLTTPPLLESVTWIVLKEPISVSSQQMLKFRTLNFNAEGEPELLMLANWRPAQPLKNRQ,8682.62,H909C578O164N145S2,6.0,2095.93368646677,0.7196,0.7533,0.0047,0.4464,18.0,7.0
z+1,12613.653113266022,12613.65731102529,147,259,-0.3327947767012504,0,0,KVGDANPALQKVLDALDSIKTKGKSTDFPNFDPGSLLPNVLDYWTYPGSLTTPPLLESVTWIVLKEPISVSSQQMLKFRTLNFNAEGEPELLMLANWRPAQPLKNRQVRGFPK,19159.02,H907C577N148O165S2,6.0,2103.266449800103,0.883,0.883,0.0038,0.2287,18.0,5.0
y,12629.662917744934,12629.67603509423,147,259,-1.038613283432547,0,0,KVGDANPALQKVLDALDSIKTKGKSTDFPNFDPGSLLPNVLDYWTYPGSLTTPPLLESVTWIVLKEPISVSSQQMLKFRTLNFNAEGEPELLMLANWRPAQPLKNRQVRGFPK,20119.5,H909C577N149O165S2,6.0,2105.934729800103,0.8619,0.8619,0.0047,0.2577,18.0,3.0
x+1,12656.675557772734,12656.66312468172,147,259,0.9823356197718209,0,0,KVGDANPALQKVLDALDSIKTKGKSTDFPNFDPGSLLPNVLDYWTYPGSLTTPPLLESVTWIVLKEPISVSSQQMLKFRTLNFNAEGEPELLMLANWRPAQPLKNRQVRGFPK,18287.98,H908C578N149O166S2,6.0,2110.43680146677,0.7526,0.8117,0.0023,0.3392,18.0,4.0
ay,12683.699117885442,12683.686599777931,143,256,0.9869455077148586,0,0,GVFLKVGDANPALQKVLDALDSIKTKGKSTDFPNFDPGSLLPNVLDYWTYPGSLTTPPLLESVTWIVLKEPISVSSQQMLKFRTLNFNAEGEPELLMLANWRPAQPLKNRQVRG,13082.82,H911C580O166N149S2,6.0,2114.9406931334365,0.8171,0.829,0.0038,0.2974,18.0,5.0
z+1,12726.74151254727,12726.741375002419,146,259,0.0108075467115107,0,0,LKVGDANPALQKVLDALDSIKTKGKSTDFPNFDPGSLLPNVLDYWTYPGSLTTPPLLESVTWIVLKEPISVSSQQMLKFRTLNFNAEGEPELLMLANWRPAQPLKNRQVRGFPK,18847.52,H918C583O166N149S2,6.0,2122.1143698001033,0.899,0.899,0.0016,0.1992,18.0,3.0
y,12742.75412704803,12742.760099071358,146,259,-0.4686601082597196,0,0,LKVGDANPALQKVLDALDSIKTKGKSTDFPNFDPGSLLPNVLDYWTYPGSLTTPPLLESVTWIVLKEPISVSSQQMLKFRTLNFNAEGEPELLMLANWRPAQPLKNRQVRGFPK,20807.77,H920C583O166N150S2,6.0,2124.7831181334363,0.9288,0.9288,0.0025,0.2048,18.0,4.0
x+1,12769.753456972345,12769.747188658848,146,259,0.49087216872353373,0,0,LKVGDANPALQKVLDALDSIKTKGKSTDFPNFDPGSLLPNVLDYWTYPGSLTTPPLLESVTWIVLKEPISVSSQQMLKFRTLNFNAEGEPELLMLANWRPAQPLKNRQVRGFPK,17230.41,H919C584O167N150S2,6.0,2129.2829714667696,0.5397,0.6475,0.0026,0.4261,18.0,1.0
ay,12782.743857974889,12782.755013690921,142,256,-0.872716094507158,0,0,VGVFLKVGDANPALQKVLDALDSIKTKGKSTDFPNFDPGSLLPNVLDYWTYPGSLTTPPLLESVTWIVLKEPISVSSQQMLKFRTLNFNAEGEPELLMLANWRPAQPLKNRQVRG,12183.1,H920C585O167N150S2,6.0,2131.4480214667697,0.7693,0.8146,0.0027,0.2708,18.0,4.0
z+1,12873.811726042819,12873.80978891541,145,259,0.15047040776152132,0,0,FLKVGDANPALQKVLDALDSIKTKGKSTDFPNFDPGSLLPNVLDYWTYPGSLTTPPLLESVTWIVLKEPISVSSQQMLKFRTLNFNAEGEPELLMLANWRPAQPLKNRQVRGFPK,10101.75,H927C592O167N150S2,6.0,2146.62588146677,0.8518,0.8518,0.0015,0.3437,18.0,8.0
x+1,12916.826760491917,12916.81560257184,145,259,0.863829013271888,0,0,FLKVGDANPALQKVLDALDSIKTKGKSTDFPNFDPGSLLPNVLDYWTYPGSLTTPPLLESVTWIVLKEPISVSSQQMLKFRTLNFNAEGEPELLMLANWRPAQPLKNRQVRGFPK,9889.06,H928C593O168N151S2,6.0,2153.7949981334364,0.5981,0.6868,0.0035,0.4219,18.0,6.0
bx,12936.534893725955,12936.52151895666,82,199,1.033876786336128,0,0,PLTGTYRLVQFHFHWGSSDDQGSEHTVDRKKYAAELHLVHWNTKYGDFGTAAQQPDGLAVVGVFLKVGDANPALQKVLDALDSIKTKGKSTDFPNFDPGSLLPNVLDYWTYPGSLTTP,2407.65,H886C592O174N154,8.0,1618.06156521677,-0.1768,0.4755,0.0111,0.629,18.0,12.0
y,12988.882870740246,12988.896926897341,144,259,-1.0821671135195272,0,0,VFLKVGDANPALQKVLDALDSIKTKGKSTDFPNFDPGSLLPNVLDYWTYPGSLTTPPLLESVTWIVLKEPISVSSQQMLKFRTLNFNAEGEPELLMLANWRPAQPLKNRQVRGFPK,6733.27,H938C597O168N152S2,6.0,2165.80425646677,0.7224,0.7624,0.0041,0.4631,18.0,9.0
bz+2,13275.7756413796,13275.837282231048,116,236,-4.643085791005531,0,0,ELHLVHWNTKYGDFGTAAQQPDGLAVVGVFLKVGDANPALQKVLDALDSIKTKGKSTDFPNFDPGSLLPNVLDYWTYPGSLTTPPLLESVTWIVLKEPISVSSQQMLKFRTLNFNAEGEPE,7680.2,H935C609O180N151S1,4.0,3319.92538146677,0.2027,0.6257,0.0196,0.3908,18.0,0.0
y,13315.09226707295,13315.092332228602,140,259,-0.004893368327796443,0,0,AVVGVFLKVGDANPALQKVLDALDSIKTKGKSTDFPNFDPGSLLPNVLDYWTYPGSLTTPPLLESVTWIVLKEPISVSSQQMLKFRTLNFNAEGEPELLMLANWRPAQPLKNRQVRGFPK,7273.17,H964C612O172N156S2,6.0,2220.17206646677,0.8221,0.8511,0.0038,0.3732,19.0,10.0
y-1,13696.28016087268,13696.269741766911,136,259,0.7607258009228066,0,0,PDGLAVVGVFLKVGDANPALQKVLDALDSIKTKGKSTDFPNFDPGSLLPNVLDYWTYPGSLTTPPLLESVTWIVLKEPISVSSQQMLKFRTLNFNAEGEPELLMLANWRPAQPLKNRQVRGFPK,24105.58,H989C629O178N160S2,6.0,2283.7028881334363,0.8875,0.8875,0.0022,0.2622,19.0,5.0
cy,13989.88589370644,13989.852039899994,3,125,2.4198830945158294,0,0,HWGYGKHNGPEHWHKDFPIANGERQSPVDIDTKAVVQDPALKPLALVYGEATSRRMVNNGHSFNVEYDDSQDKAVLKDGPLTGTYRLVQFHFHWGSSDDQGSEHTVDRKKYAAELHLVHWNTK,2349.21,H929C626N181O186S1,7.0,1999.5468650381986,0.1143,0.4671,0.0056,0.6764,19.0,14.0
ay,14186.145849660476,14186.184833137506,42,170,-2.747988799587669,0,0,ALKPLALVYGEATSRRMVNNGHSFNVEYDDSQDKAVLKDGPLTGTYRLVQFHFHWGSSDDQGSEHTVDRKKYAAELHLVHWNTKYGDFGTAAQQPDGLAVVGVFLKVGDANPALQKVLDALDSIKTKGK,5788.0,H977C635O192N177S1,5.0,2838.21438646677,0.1372,0.6656,0.0066,0.4481,19.0,2.0
az+2,14202.011113015555,14202.037542683787,64,191,-1.8609772121191268,0,0,SFNVEYDDSQDKAVLKDGPLTGTYRLVQFHFHWGSSDDQGSEHTVDRKKYAAELHLVHWNTKYGDFGTAAQQPDGLAVVGVFLKVGDANPALQKVLDALDSIKTKGKSTDFPNFDPGSLLPNVLDYWT,2667.56,H961C643O197N169,10.0,1421.19734546677,-0.2558,0.4235,0.0021,0.6207,19.0,10.0
bz+2,14597.238995978554,14597.26230816406,20,152,-1.597024497690136,0,0,PIANGERQSPVDIDTKAVVQDPALKPLALVYGEATSRRMVNNGHSFNVEYDDSQDKAVLKDGPLTGTYRLVQFHFHWGSSDDQGSEHTVDRKKYAAELHLVHWNTKYGDFGTAAQQPDGLAVVGVFLKVGDAN,3790.29,H990C648O201N184S1,8.0,1825.64796396677,-0.182,0.5152,0.0097,0.5502,19.0,9.0
bz+2,14597.238995978554,14597.26230816406,21,153,-1.597024497690136,0,0,IANGERQSPVDIDTKAVVQDPALKPLALVYGEATSRRMVNNGHSFNVEYDDSQDKAVLKDGPLTGTYRLVQFHFHWGSSDDQGSEHTVDRKKYAAELHLVHWNTKYGDFGTAAQQPDGLAVVGVFLKVGDANP,3790.29,H990C648O201N184S1,8.0,1825.64796396677,-0.182,0.5152,0.0097,0.5502,19.0,9.0
bz+2,14597.238995978554,14597.26230816406,23,155,-1.597024497690136,0,0,NGERQSPVDIDTKAVVQDPALKPLALVYGEATSRRMVNNGHSFNVEYDDSQDKAVLKDGPLTGTYRLVQFHFHWGSSDDQGSEHTVDRKKYAAELHLVHWNTKYGDFGTAAQQPDGLAVVGVFLKVGDANPAL,3790.29,H990C648O201N184S1,8.0,1825.64796396677,-0.182,0.5152,0.0097,0.5502,19.0,9.0
ax,19005.566931466747,19005.550564248002,26,198,0.8611809844304982,0,0,RQSPVDIDTKAVVQDPALKPLALVYGEATSRRMVNNGHSFNVEYDDSQDKAVLKDGPLTGTYRLVQFHFHWGSSDDQGSEHTVDRKKYAAELHLVHWNTKYGDFGTAAQQPDGLAVVGVFLKVGDANPALQKVLDALDSIKTKGKSTDFPNFDPGSLLPNVLDYWTYPGSLTT,22246.17,H1304C854N230O262S1,14.0,1358.5372164667701,-0.2186,0.6372,0.0077,0.5622,21.0,11.0
cx,21454.637373399706,21454.67567988568,3,196,-1.7854609664517331,0,0,HWGYGKHNGPEHWHKDFPIANGERQSPVDIDTKAVVQDPALKPLALVYGEATSRRMVNNGHSFNVEYDDSQDKAVLKDGPLTGTYRLVQFHFHWGSSDDQGSEHTVDRKKYAAELHLVHWNTKYGDFGTAAQQPDGLAVVGVFLKVGDANPALQKVLDALDSIKTKGKSTDFPNFDPGSLLPNVLDYWTYPGSL,4356.33,H1452C970N264O289S1,15.0,1431.3053138001035,-0.0378,0.5297,0.0077,0.5981,23.0,14.0
ax,25143.75000686844,25143.687249943876,5,231,2.4959316403644713,0,0,GYGKHNGPEHWHKDFPIANGERQSPVDIDTKAVVQDPALKPLALVYGEATSRRMVNNGHSFNVEYDDSQDKAVLKDGPLTGTYRLVQFHFHWGSSDDQGSEHTVDRKKYAAELHLVHWNTKYGDFGTAAQQPDGLAVVGVFLKVGDANPALQKVLDALDSIKTKGKSTDFPNFDPGSLLPNVLDYWTYPGSLTTPPLLESVTWIVLKEPISVSSQQMLKFRTLNFNA,1165.5,H1729C1137O339N305S2,13.0,1935.1268541590778,-0.214,0.491,0.0112,0.5898,25.0,15.0
bx,26391.44467790352,26391.34564490174,11,248,3.752480192321666,0,0,GPEHWHKDFPIANGERQSPVDIDTKAVVQDPALKPLALVYGEATSRRMVNNGHSFNVEYDDSQDKAVLKDGPLTGTYRLVQFHFHWGSSDDQGSEHTVDRKKYAAELHLVHWNTKYGDFGTAAQQPDGLAVVGVFLKVGDANPALQKVLDALDSIKTKGKSTDFPNFDPGSLLPNVLDYWTYPGSLTTPPLLESVTWIVLKEPISVSSQQMLKFRTLNFNAEGEPELLMLANWRPAQP,6132.76,H1822C1194O355N318S3,8.0,3299.91221146677,-0.3489,0.2104,0.0109,0.6217,25.0,10.0
cy,26487.438974275257,26487.37800765918,8,245,2.3017233363169005,0,0,KHNGPEHWHKDFPIANGERQSPVDIDTKAVVQDPALKPLALVYGEATSRRMVNNGHSFNVEYDDSQDKAVLKDGPLTGTYRLVQFHFHWGSSDDQGSEHTVDRKKYAAELHLVHWNTKYGDFGTAAQQPDGLAVVGVFLKVGDANPALQKVLDALDSIKTKGKSTDFPNFDPGSLLPNVLDYWTYPGSLTTPPLLESVTWIVLKEPISVSSQQMLKFRTLNFNAEGEPELLMLANWRP,5620.49,H1826C1198N320O356S3,8.0,3311.9114052167697,0.028,0.4335,0.012,0.5678,25.0,6.0
az+2,26534.459819870208,26534.451506952602,14,251,0.3132877121401946,0,0,HWHKDFPIANGERQSPVDIDTKAVVQDPALKPLALVYGEATSRRMVNNGHSFNVEYDDSQDKAVLKDGPLTGTYRLVQFHFHWGSSDDQGSEHTVDRKKYAAELHLVHWNTKYGDFGTAAQQPDGLAVVGVFLKVGDANPALQKVLDALDSIKTKGKSTDFPNFDPGSLLPNVLDYWTYPGSLTTPPLLESVTWIVLKEPISVSSQQMLKFRTLNFNAEGEPELLMLANWRPAQPLKN,9736.74,H1835C1200N321O356S3,8.0,3317.7889652167696,-0.0959,0.63,0.0083,0.5188,25.0,2.0
bx,26599.572246130232,26599.6043191959,17,256,-1.2057722845335757,0,0,KDFPIANGERQSPVDIDTKAVVQDPALKPLALVYGEATSRRMVNNGHSFNVEYDDSQDKAVLKDGPLTGTYRLVQFHFHWGSSDDQGSEHTVDRKKYAAELHLVHWNTKYGDFGTAAQQPDGLAVVGVFLKVGDANPALQKVLDALDSIKTKGKSTDFPNFDPGSLLPNVLDYWTYPGSLTTPPLLESVTWIVLKEPISVSSQQMLKFRTLNFNAEGEPELLMLANWRPAQPLKNRQVRG,16907.66,H1854C1199N324O357S3,8.0,3325.92795521677,0.0201,0.849,0.0055,0.4286,25.0,0.0
ax,26660.59641060333,26660.51958651243,11,250,2.8815676548480402,0,0,GPEHWHKDFPIANGERQSPVDIDTKAVVQDPALKPLALVYGEATSRRMVNNGHSFNVEYDDSQDKAVLKDGPLTGTYRLVQFHFHWGSSDDQGSEHTVDRKKYAAELHLVHWNTKYGDFGTAAQQPDGLAVVGVFLKVGDANPALQKVLDALDSIKTKGKSTDFPNFDPGSLLPNVLDYWTYPGSLTTPPLLESVTWIVLKEPISVSSQQMLKFRTLNFNAEGEPELLMLANWRPAQPLK,28168.32,H1845C1207O358N321S3,8.0,3333.5559164667698,-0.2298,0.7777,0.0117,0.4456,25.0,0.0
az+2,26690.63896418922,26690.552617976202,14,252,3.2350852473584673,0,0,HWHKDFPIANGERQSPVDIDTKAVVQDPALKPLALVYGEATSRRMVNNGHSFNVEYDDSQDKAVLKDGPLTGTYRLVQFHFHWGSSDDQGSEHTVDRKKYAAELHLVHWNTKYGDFGTAAQQPDGLAVVGVFLKVGDANPALQKVLDALDSIKTKGKSTDFPNFDPGSLLPNVLDYWTYPGSLTTPPLLESVTWIVLKEPISVSSQQMLKFRTLNFNAEGEPELLMLANWRPAQPLKNR,70586.77,H1847C1206N325O357S3,8.0,3337.31120646677,-0.0098,0.5478,0.0094,0.4905,25.0,0.0
cy,26702.589087103428,26702.530151196122,12,251,2.2071281999068364,0,0,PEHWHKDFPIANGERQSPVDIDTKAVVQDPALKPLALVYGEATSRRMVNNGHSFNVEYDDSQDKAVLKDGPLTGTYRLVQFHFHWGSSDDQGSEHTVDRKKYAAELHLVHWNTKYGDFGTAAQQPDGLAVVGVFLKVGDANPALQKVLDALDSIKTKGKSTDFPNFDPGSLLPNVLDYWTYPGSLTTPPLLESVTWIVLKEPISVSSQQMLKFRTLNFNAEGEPELLMLANWRPAQPLKN,18658.33,H1847C1209O359N321S3,8.0,3338.80496021677,0.0989,0.6651,0.0126,0.4007,25.0,0.0
cx,27015.611090901944,27015.716188826016,11,253,-3.8902512647512952,0,0,GPEHWHKDFPIANGERQSPVDIDTKAVVQDPALKPLALVYGEATSRRMVNNGHSFNVEYDDSQDKAVLKDGPLTGTYRLVQFHFHWGSSDDQGSEHTVDRKKYAAELHLVHWNTKYGDFGTAAQQPDGLAVVGVFLKVGDANPALQKVLDALDSIKTKGKSTDFPNFDPGSLLPNVLDYWTYPGSLTTPPLLESVTWIVLKEPISVSSQQMLKFRTLNFNAEGEPELLMLANWRPAQPLKNRQ,2102.25,H1870C1221O362N328S3,9.0,3002.7185031334366,0.0277,0.5267,0.0111,0.5853,25.0,11.0
az+2,27118.633701920004,27118.64943146501,5,248,-0.5800268574518482,0,0,GYGKHNGPEHWHKDFPIANGERQSPVDIDTKAVVQDPALKPLALVYGEATSRRMVNNGHSFNVEYDDSQDKAVLKDGPLTGTYRLVQFHFHWGSSDDQGSEHTVDRKKYAAELHLVHWNTKYGDFGTAAQQPDGLAVVGVFLKVGDANPALQKVLDALDSIKTKGKSTDFPNFDPGSLLPNVLDYWTYPGSLTTPPLLESVTWIVLKEPISVSSQQMLKFRTLNFNAEGEPELLMLANWRPAQP,6800.15,H1863C1225O365N329S3,9.0,3014.1653709112143,-0.3052,0.3736,0.0052,0.5643,25.0,3.0
c,27132.680931139563,27132.607566653034,1,243,2.7039231798257846,Ac,0,SHHWGYGKHNGPEHWHKDFPIANGERQSPVDIDTKAVVQDPALKPLALVYGEATSRRMVNNGHSFNVEYDDSQDKAVLKDGPLTGTYRLVQFHFHWGSSDDQGSEHTVDRKKYAAELHLVHWNTKYGDFGTAAQQPDGLAVVGVFLKVGDANPALQKVLDALDSIKTKGKSTDFPNFDPGSLLPNVLDYWTYPGSLTTPPLLESVTWIVLKEPISVSSQQMLKFRTLNFNAEGEPELLMLANW,6676.25,H1857C1228O364N329S3,9.0,3015.7261620223253,-0.4078,0.439,0.0114,0.5531,26.0,2.0
ay,27201.718797920545,27201.665415882322,3,246,1.962454776438504,0,0,HWGYGKHNGPEHWHKDFPIANGERQSPVDIDTKAVVQDPALKPLALVYGEATSRRMVNNGHSFNVEYDDSQDKAVLKDGPLTGTYRLVQFHFHWGSSDDQGSEHTVDRKKYAAELHLVHWNTKYGDFGTAAQQPDGLAVVGVFLKVGDANPALQKVLDALDSIKTKGKSTDFPNFDPGSLLPNVLDYWTYPGSLTTPPLLESVTWIVLKEPISVSSQQMLKFRTLNFNAEGEPELLMLANWRPA,11680.48,H1864C1232N330O364S3,9.0,3023.39697646677,0.1871,0.6067,0.0075,0.4373,26.0,2.0
az+2,27282.707727623037,27282.698112992934,2,245,0.3524075978144648,0,0,HHWGYGKHNGPEHWHKDFPIANGERQSPVDIDTKAVVQDPALKPLALVYGEATSRRMVNNGHSFNVEYDDSQDKAVLKDGPLTGTYRLVQFHFHWGSSDDQGSEHTVDRKKYAAELHLVHWNTKYGDFGTAAQQPDGLAVVGVFLKVGDANPALQKVLDALDSIKTKGKSTDFPNFDPGSLLPNVLDYWTYPGSLTTPPLLESVTWIVLKEPISVSSQQMLKFRTLNFNAEGEPELLMLANWRP,13540.34,H1867C1235N333O364S3,8.0,3411.3192264667696,-0.0492,0.4164,0.0062,0.5021,26.0,2.0
bx,27282.72877778671,27282.734498501653,2,246,-0.2096826087650819,0,0,HHWGYGKHNGPEHWHKDFPIANGERQSPVDIDTKAVVQDPALKPLALVYGEATSRRMVNNGHSFNVEYDDSQDKAVLKDGPLTGTYRLVQFHFHWGSSDDQGSEHTVDRKKYAAELHLVHWNTKYGDFGTAAQQPDGLAVVGVFLKVGDANPALQKVLDALDSIKTKGKSTDFPNFDPGSLLPNVLDYWTYPGSLTTPPLLESVTWIVLKEPISVSSQQMLKFRTLNFNAEGEPELLMLANWRPA,15075.09,H1871C1236N333O363S3,9.0,3032.398015355659,-0.3303,0.8343,0.0037,0.4244,26.0,0.0
az+2,27406.783942336395,27406.91319113961,13,257,-4.715919750410712,0,0,EHWHKDFPIANGERQSPVDIDTKAVVQDPALKPLALVYGEATSRRMVNNGHSFNVEYDDSQDKAVLKDGPLTGTYRLVQFHFHWGSSDDQGSEHTVDRKKYAAELHLVHWNTKYGDFGTAAQQPDGLAVVGVFLKVGDANPALQKVLDALDSIKTKGKSTDFPNFDPGSLLPNVLDYWTYPGSLTTPPLLESVTWIVLKEPISVSSQQMLKFRTLNFNAEGEPELLMLANWRPAQPLKNRQVRGF,3612.03,H1895C1238O366N335S3,8.0,3426.82863271677,0.0222,0.4864,0.0163,0.5335,26.0,10.0
ax,27430.842299394153,27430.865572240848,5,251,-0.8484182401449625,0,0,GYGKHNGPEHWHKDFPIANGERQSPVDIDTKAVVQDPALKPLALVYGEATSRRMVNNGHSFNVEYDDSQDKAVLKDGPLTGTYRLVQFHFHWGSSDDQGSEHTVDRKKYAAELHLVHWNTKYGDFGTAAQQPDGLAVVGVFLKVGDANPALQKVLDALDSIKTKGKSTDFPNFDPGSLLPNVLDYWTYPGSLTTPPLLESVTWIVLKEPISVSSQQMLKFRTLNFNAEGEPELLMLANWRPAQPLKN,20626.44,H1891C1240O368N333S3,9.0,3048.854945355659,-0.2604,0.709,0.0035,0.4761,26.0,0.0
bz+2,27509.87616389569,27509.951367553476,7,253,-2.7336892305674363,0,0,GKHNGPEHWHKDFPIANGERQSPVDIDTKAVVQDPALKPLALVYGEATSRRMVNNGHSFNVEYDDSQDKAVLKDGPLTGTYRLVQFHFHWGSSDDQGSEHTVDRKKYAAELHLVHWNTKYGDFGTAAQQPDGLAVVGVFLKVGDANPALQKVLDALDSIKTKGKSTDFPNFDPGSLLPNVLDYWTYPGSLTTPPLLESVTWIVLKEPISVSSQQMLKFRTLNFNAEGEPELLMLANWRPAQPLKNRQ,24649.29,H1900C1240O368N338S3,9.0,3057.636417577881,-0.1831,0.8963,0.0077,0.4281,26.0,0.0
cy,27520.816458958318,27520.829855438467,2,248,-0.4867760245672604,0,0,HHWGYGKHNGPEHWHKDFPIANGERQSPVDIDTKAVVQDPALKPLALVYGEATSRRMVNNGHSFNVEYDDSQDKAVLKDGPLTGTYRLVQFHFHWGSSDDQGSEHTVDRKKYAAELHLVHWNTKYGDFGTAAQQPDGLAVVGVFLKVGDANPALQKVLDALDSIKTKGKSTDFPNFDPGSLLPNVLDYWTYPGSLTTPPLLESVTWIVLKEPISVSSQQMLKFRTLNFNAEGEPELLMLANWRPAQP,11240.6,H1885C1247N335O367S3,8.0,3441.08258646677,-0.0134,0.4848,0.0079,0.5772,26.0,9.0
a+1,27540.90493514958,27540.84349412697,1,247,2.2309056229447366,Ac,0,SHHWGYGKHNGPEHWHKDFPIANGERQSPVDIDTKAVVQDPALKPLALVYGEATSRRMVNNGHSFNVEYDDSQDKAVLKDGPLTGTYRLVQFHFHWGSSDDQGSEHTVDRKKYAAELHLVHWNTKYGDFGTAAQQPDGLAVVGVFLKVGDANPALQKVLDALDSIKTKGKSTDFPNFDPGSLLPNVLDYWTYPGSLTTPPLLESVTWIVLKEPISVSSQQMLKFRTLNFNAEGEPELLMLANWRPAQ,26090.74,H1887C1246O368N336S3,9.0,3061.0840320223256,-0.345,0.8315,0.0083,0.4158,26.0,0.0
cy,27606.917828410886,27607.004131402326,9,256,-3.126126653551363,0,0,HNGPEHWHKDFPIANGERQSPVDIDTKAVVQDPALKPLALVYGEATSRRMVNNGHSFNVEYDDSQDKAVLKDGPLTGTYRLVQFHFHWGSSDDQGSEHTVDRKKYAAELHLVHWNTKYGDFGTAAQQPDGLAVVGVFLKVGDANPALQKVLDALDSIKTKGKSTDFPNFDPGSLLPNVLDYWTYPGSLTTPPLLESVTWIVLKEPISVSSQQMLKFRTLNFNAEGEPELLMLANWRPAQPLKNRQVRG,34753.01,H1907C1245N339O369S3,9.0,3068.418740911214,-0.0683,0.7951,0.0095,0.4195,26.0,0.0
bz+2,27673.013282314114,27673.01469608603,6,253,-0.05108846762528567,0,0,YGKHNGPEHWHKDFPIANGERQSPVDIDTKAVVQDPALKPLALVYGEATSRRMVNNGHSFNVEYDDSQDKAVLKDGPLTGTYRLVQFHFHWGSSDDQGSEHTVDRKKYAAELHLVHWNTKYGDFGTAAQQPDGLAVVGVFLKVGDANPALQKVLDALDSIKTKGKSTDFPNFDPGSLLPNVLDYWTYPGSLTTPPLLESVTWIVLKEPISVSSQQMLKFRTLNFNAEGEPELLMLANWRPAQPLKNRQ,31301.34,H1909C1249O370N339S3,9.0,3075.7626231334366,-0.222,0.8794,0.0026,0.4463,26.0,0.0
cy,27700.014712254757,27700.014361732858,5,253,0.012654213628139526,0,0,GYGKHNGPEHWHKDFPIANGERQSPVDIDTKAVVQDPALKPLALVYGEATSRRMVNNGHSFNVEYDDSQDKAVLKDGPLTGTYRLVQFHFHWGSSDDQGSEHTVDRKKYAAELHLVHWNTKYGDFGTAAQQPDGLAVVGVFLKVGDANPALQKVLDALDSIKTKGKSTDFPNFDPGSLLPNVLDYWTYPGSLTTPPLLESVTWIVLKEPISVSSQQMLKFRTLNFNAEGEPELLMLANWRPAQPLKNRQ,39696.23,H1910C1251O371N338S3,9.0,3078.762758688992,-0.0773,0.7681,0.0022,0.4304,26.0,0.0
bx,27722.03757348619,27722.115078833638,7,255,-2.7957948817942597,0,0,GKHNGPEHWHKDFPIANGERQSPVDIDTKAVVQDPALKPLALVYGEATSRRMVNNGHSFNVEYDDSQDKAVLKDGPLTGTYRLVQFHFHWGSSDDQGSEHTVDRKKYAAELHLVHWNTKYGDFGTAAQQPDGLAVVGVFLKVGDANPALQKVLDALDSIKTKGKSTDFPNFDPGSLLPNVLDYWTYPGSLTTPPLLESVTWIVLKEPISVSSQQMLKFRTLNFNAEGEPELLMLANWRPAQPLKNRQVR,36989.09,H1920C1250O369N342S3,9.0,3081.2097242445475,-0.5291,0.8538,0.0084,0.4324,26.0,0.0
bx,27722.03757348619,27722.115078833638,8,256,-2.7957948817942597,0,0,KHNGPEHWHKDFPIANGERQSPVDIDTKAVVQDPALKPLALVYGEATSRRMVNNGHSFNVEYDDSQDKAVLKDGPLTGTYRLVQFHFHWGSSDDQGSEHTVDRKKYAAELHLVHWNTKYGDFGTAAQQPDGLAVVGVFLKVGDANPALQKVLDALDSIKTKGKSTDFPNFDPGSLLPNVLDYWTYPGSLTTPPLLESVTWIVLKEPISVSSQQMLKFRTLNFNAEGEPELLMLANWRPAQPLKNRQVRG,36989.09,H1920C1250N342O369S3,9.0,3081.2097242445475,-0.5291,0.8538,0.0084,0.4324,26.0,0.0
az+2,27736.051102443722,27736.094343389057,8,255,-1.5590134933844748,0,0,KHNGPEHWHKDFPIANGERQSPVDIDTKAVVQDPALKPLALVYGEATSRRMVNNGHSFNVEYDDSQDKAVLKDGPLTGTYRLVQFHFHWGSSDDQGSEHTVDRKKYAAELHLVHWNTKYGDFGTAAQQPDGLAVVGVFLKVGDANPALQKVLDALDSIKTKGKSTDFPNFDPGSLLPNVLDYWTYPGSLTTPPLLESVTWIVLKEPISVSSQQMLKFRTLNFNAEGEPELLMLANWRPAQPLKNRQVR,41461.33,H1918C1250N342O370S3,9.0,3082.7667709112143,-0.3087,0.8766,0.005,0.4286,26.0,0.0
a,27750.043181234483,27749.97249692088,1,249,2.5471849967046625,Ac,0,SHHWGYGKHNGPEHWHKDFPIANGERQSPVDIDTKAVVQDPALKPLALVYGEATSRRMVNNGHSFNVEYDDSQDKAVLKDGPLTGTYRLVQFHFHWGSSDDQGSEHTVDRKKYAAELHLVHWNTKYGDFGTAAQQPDGLAVVGVFLKVGDANPALQKVLDALDSIKTKGKSTDFPNFDPGSLLPNVLDYWTYPGSLTTPPLLESVTWIVLKEPISVSSQQMLKFRTLNFNAEGEPELLMLANWRPAQPL,41274.45,H1904C1257O370N338S3,9.0,3084.3214342445476,-0.0007,0.8548,0.0101,0.4461,26.0,0.0
a+1,27879.10193468791,27879.075284966955,1,250,0.9559040493094173,Ac,0,SHHWGYGKHNGPEHWHKDFPIANGERQSPVDIDTKAVVQDPALKPLALVYGEATSRRMVNNGHSFNVEYDDSQDKAVLKDGPLTGTYRLVQFHFHWGSSDDQGSEHTVDRKKYAAELHLVHWNTKYGDFGTAAQQPDGLAVVGVFLKVGDANPALQKVLDALDSIKTKGKSTDFPNFDPGSLLPNVLDYWTYPGSLTTPPLLESVTWIVLKEPISVSSQQMLKFRTLNFNAEGEPELLMLANWRPAQPLK,30563.1,H1917C1263O371N340S3,9.0,3098.6611842445477,0.2691,0.8731,0.0032,0.4108,26.0,0.0
cy,27895.09416903021,27895.094009035885,3,252,0.005735572151048274,0,0,HWGYGKHNGPEHWHKDFPIANGERQSPVDIDTKAVVQDPALKPLALVYGEATSRRMVNNGHSFNVEYDDSQDKAVLKDGPLTGTYRLVQFHFHWGSSDDQGSEHTVDRKKYAAELHLVHWNTKYGDFGTAAQQPDGLAVVGVFLKVGDANPALQKVLDALDSIKTKGKSTDFPNFDPGSLLPNVLDYWTYPGSLTTPPLLESVTWIVLKEPISVSSQQMLKFRTLNFNAEGEPELLMLANWRPAQPLKNR,34549.38,H1919C1263N341O371S3,9.0,3100.4380853556586,-0.2264,0.8816,0.0028,0.4144,26.0,0.0
ay,27941.12382691851,27941.168236605306,6,255,-1.5893997853516584,0,0,YGKHNGPEHWHKDFPIANGERQSPVDIDTKAVVQDPALKPLALVYGEATSRRMVNNGHSFNVEYDDSQDKAVLKDGPLTGTYRLVQFHFHWGSSDDQGSEHTVDRKKYAAELHLVHWNTKYGDFGTAAQQPDGLAVVGVFLKVGDANPALQKVLDALDSIKTKGKSTDFPNFDPGSLLPNVLDYWTYPGSLTTPPLLESVTWIVLKEPISVSSQQMLKFRTLNFNAEGEPELLMLANWRPAQPLKNRQVR,40685.24,H1929C1261O373N343S3,9.0,3105.5524520223253,-0.2405,0.8788,0.005,0.4326,26.0,0.0
bz+2,28042.170292571707,28042.22714846376,5,256,-2.0275098604730704,0,0,GYGKHNGPEHWHKDFPIANGERQSPVDIDTKAVVQDPALKPLALVYGEATSRRMVNNGHSFNVEYDDSQDKAVLKDGPLTGTYRLVQFHFHWGSSDDQGSEHTVDRKKYAAELHLVHWNTKYGDFGTAAQQPDGLAVVGVFLKVGDANPALQKVLDALDSIKTKGKSTDFPNFDPGSLLPNVLDYWTYPGSLTTPPLLESVTWIVLKEPISVSSQQMLKFRTLNFNAEGEPELLMLANWRPAQPLKNRQVRG,38652.72,H1936C1264O374N346S3,9.0,3116.7797498001028,-0.2114,0.8783,0.006,0.4438,26.0,0.0
cy,28122.20596486247,28122.221000454156,3,254,-0.5346516437880595,0,0,HWGYGKHNGPEHWHKDFPIANGERQSPVDIDTKAVVQDPALKPLALVYGEATSRRMVNNGHSFNVEYDDSQDKAVLKDGPLTGTYRLVQFHFHWGSSDDQGSEHTVDRKKYAAELHLVHWNTKYGDFGTAAQQPDGLAVVGVFLKVGDANPALQKVLDALDSIKTKGKSTDFPNFDPGSLLPNVLDYWTYPGSLTTPPLLESVTWIVLKEPISVSSQQMLKFRTLNFNAEGEPELLMLANWRPAQPLKNRQV,34898.72,H1936C1273N344O374S3,9.0,3125.6725331334364,-0.1837,0.8562,0.0023,0.4273,26.0,0.0
cy,28141.237472835634,28141.26319961931,4,255,-0.9142014518880002,0,0,WGYGKHNGPEHWHKDFPIANGERQSPVDIDTKAVVQDPALKPLALVYGEATSRRMVNNGHSFNVEYDDSQDKAVLKDGPLTGTYRLVQFHFHWGSSDDQGSEHTVDRKKYAAELHLVHWNTKYGDFGTAAQQPDGLAVVGVFLKVGDANPALQKVLDALDSIKTKGKSTDFPNFDPGSLLPNVLDYWTYPGSLTTPPLLESVTWIVLKEPISVSSQQMLKFRTLNFNAEGEPELLMLANWRPAQPLKNRQVR,38533.6,H1941C1273N345O374S3,9.0,3127.787128688992,-0.2305,0.8326,0.0035,0.4385,26.0,0.0
bx,28186.25901288565,28186.3210488486,6,258,-2.200924442841059,0,0,YGKHNGPEHWHKDFPIANGERQSPVDIDTKAVVQDPALKPLALVYGEATSRRMVNNGHSFNVEYDDSQDKAVLKDGPLTGTYRLVQFHFHWGSSDDQGSEHTVDRKKYAAELHLVHWNTKYGDFGTAAQQPDGLAVVGVFLKVGDANPALQKVLDALDSIKTKGKSTDFPNFDPGSLLPNVLDYWTYPGSLTTPPLLESVTWIVLKEPISVSSQQMLKFRTLNFNAEGEPELLMLANWRPAQPLKNRQVRGFP,54124.57,H1948C1275O374N346S3,9.0,3132.7894831334365,-0.226,0.8338,0.0068,0.4362,26.0,0.0
ay,28241.283200707927,28241.290476996306,4,256,-0.25764716329600457,0,0,WGYGKHNGPEHWHKDFPIANGERQSPVDIDTKAVVQDPALKPLALVYGEATSRRMVNNGHSFNVEYDDSQDKAVLKDGPLTGTYRLVQFHFHWGSSDDQGSEHTVDRKKYAAELHLVHWNTKYGDFGTAAQQPDGLAVVGVFLKVGDANPALQKVLDALDSIKTKGKSTDFPNFDPGSLLPNVLDYWTYPGSLTTPPLLESVTWIVLKEPISVSSQQMLKFRTLNFNAEGEPELLMLANWRPAQPLKNRQVRG,51216.82,H1945C1276N347O376S3,9.0,3138.9032342445475,-0.1172,0.8821,0.0019,0.4356,26.0,0.0
bx,28322.299620624162,28322.359559615637,3,256,-2.116313485424799,0,0,HWGYGKHNGPEHWHKDFPIANGERQSPVDIDTKAVVQDPALKPLALVYGEATSRRMVNNGHSFNVEYDDSQDKAVLKDGPLTGTYRLVQFHFHWGSSDDQGSEHTVDRKKYAAELHLVHWNTKYGDFGTAAQQPDGLAVVGVFLKVGDANPALQKVLDALDSIKTKGKSTDFPNFDPGSLLPNVLDYWTYPGSLTTPPLLESVTWIVLKEPISVSSQQMLKFRTLNFNAEGEPELLMLANWRPAQPLKNRQVRG,39921.6,H1952C1280N350O375S3,9.0,3147.904988688992,-0.1357,0.8845,0.0058,0.446,26.0,0.0
az+2,28393.355843098198,28393.360287891628,3,256,-0.15654340963964905,0,0,HWGYGKHNGPEHWHKDFPIANGERQSPVDIDTKAVVQDPALKPLALVYGEATSRRMVNNGHSFNVEYDDSQDKAVLKDGPLTGTYRLVQFHFHWGSSDDQGSEHTVDRKKYAAELHLVHWNTKYGDFGTAAQQPDGLAVVGVFLKVGDANPALQKVLDALDSIKTKGKSTDFPNFDPGSLLPNVLDYWTYPGSLTTPPLLESVTWIVLKEPISVSSQQMLKFRTLNFNAEGEPELLMLANWRPAQPLKNRQVRG,44037.58,H1953C1282N351O377S3,9.0,3155.8000631334367,-0.1088,0.8693,0.0025,0.4448,27.0,0.0
cy,28482.405895477274,28482.411989111315,3,257,-0.2139437504026119,0,0,HWGYGKHNGPEHWHKDFPIANGERQSPVDIDTKAVVQDPALKPLALVYGEATSRRMVNNGHSFNVEYDDSQDKAVLKDGPLTGTYRLVQFHFHWGSSDDQGSEHTVDRKKYAAELHLVHWNTKYGDFGTAAQQPDGLAVVGVFLKVGDANPALQKVLDALDSIKTKGKSTDFPNFDPGSLLPNVLDYWTYPGSLTTPPLLESVTWIVLKEPISVSSQQMLKFRTLNFNAEGEPELLMLANWRPAQPLKNRQVRGF,34251.93,H1960C1290N350O377S3,9.0,3165.6944364667697,-0.3874,0.8824,0.0033,0.4469,27.0,0.0
ay,28485.38065860655,28485.41165475815,4,258,-1.0881412554331382,0,0,WGYGKHNGPEHWHKDFPIANGERQSPVDIDTKAVVQDPALKPLALVYGEATSRRMVNNGHSFNVEYDDSQDKAVLKDGPLTGTYRLVQFHFHWGSSDDQGSEHTVDRKKYAAELHLVHWNTKYGDFGTAAQQPDGLAVVGVFLKVGDANPALQKVLDALDSIKTKGKSTDFPNFDPGSLLPNVLDYWTYPGSLTTPPLLESVTWIVLKEPISVSSQQMLKFRTLNFNAEGEPELLMLANWRPAQPLKNRQVRGFP,22715.95,H1961C1290N349O378S3,10.0,2849.52319446677,0.0433,0.8182,0.0037,0.4174,27.0,0.0
y-2,28738.486876549796,28738.5655296306,3,259,-2.736847833359628,0,0,HWGYGKHNGPEHWHKDFPIANGERQSPVDIDTKAVVQDPALKPLALVYGEATSRRMVNNGHSFNVEYDDSQDKAVLKDGPLTGTYRLVQFHFHWGSSDDQGSEHTVDRKKYAAELHLVHWNTKYGDFGTAAQQPDGLAVVGVFLKVGDANPALQKVLDALDSIKTKGKSTDFPNFDPGSLLPNVLDYWTYPGSLTTPPLLESVTWIVLKEPISVSSQQMLKFRTLNFNAEGEPELLMLANWRPAQPLKNRQVRGFPK,188469.89,H1980C1301N354O380S3,10.0,2874.8336194667695,-0.0722,0.9033,0.0072,0.4255,27.0,0.0
